	token	index
3	영화	9812
5	10	8541
24	어요	2227
25	음악	2122
27	너무	2088
35	습니다	1592
39	네요	1497
41	지만	1445
42	ㅂ니다	1399
44	는데	1290
45	마지막	1287
46	최고	1243
47	사랑	1162
51	노래	1073
52	아름답	1066
54	어서	1049
55	으로	1042
56	뮤지컬	1038
58	에서	1029
60	정말	1025
61	인생	1007
65	여운	895
66	생각	892
67	재밌	879
70	스토리	863
73	지루	823
77	ㄴ다	751
78	장면	709
79	영상미	708
81	사람	698
84	아니	655
85	아요	624
86	슬프	609
89	진짜	589
91	결말	579
93	느낌	563
95	까지	551
96	나오	543
97	영상	543
98	아서	542
99	현실	540
100	처음	533
101	기대	526
103	감동	508
106	배우	497
107	연기	491
109	재즈	473
110	면서	473
111	다시	470
112	랜드	465
113	보다	452
114	만들	447
117	그냥	437
119	중간	433
120	눈물	422
122	엔딩	416
123	내용	414
126	좋아하	400
128	시간	393
132	모르	370
133	내내	369
134	실적	369
135	연출	366
138	행복	362
139	마음	361
141	감독	358
143	재미있	354
144	대하	351
145	예쁘	348
147	남자	344
150	ㄴ데	341
151	부터	341
152	평점	340
154	끝나	339
157	모든	333
159	슬링	329
160	라이	329
163	가슴	324
164	많이	324
166	이야기	321
167	에게	318
169	추천	316
171	다가	313
172	ㄴ지	313
173	못하	304
174	주인공	303
175	모두	302
176	감정	300
177	즐겁	297
178	계속	297
179	한번	297
181	스톤	291
183	올해	289
186	그렇	285
187	위하	285
188	아쉽	285
189	부분	284
190	여자	282
191	느끼	278
193	색감	276
195	멋지	268
196	라고	268
197	감동적	268
198	이루	266
199	완벽	260
201	스럽	259
202	서로	259
204	아름	258
206	하나	256
208	조금	253
210	기분	250
214	친구	246
215	그리하	244
216	라는	243
217	듯하	242
218	재미	240
219	우리	238
221	으면	234
224	다는	227
226	정도	221
227	아도	220
231	이쁘	215
232	ㄴ가	213
233	이런	213
235	빠지	206
236	별로	205
237	그리고	204
238	황홀	203
239	피아노	201
241	눈빛	200
242	만하	198
243	보고	197
245	함께	195
246	너무나	195
247	꿈꾸	194
248	이렇	193
249	이상	192
251	다고	188
252	그리	188
254	몰입	187
255	는지	186
256	이해	186
257	기억	186
258	세요	184
259	처럼	183
260	초반	182
262	공감	181
263	ost	179
265	작품	178
266	아야	178
267	오랜만	177
269	무엇	175
270	로맨스	173
271	개인적	171
272	없이	171
274	아깝	170
275	동화	169
276	ㄹ까	169
278	으나	168
279	괜찮	167
280	배경	166
281	생각나	165
282	하지만	165
283	이랑	163
285	가장	161
286	영화관	161
287	강추	160
288	다면	159
289	표현	157
290	말하	156
291	아직	156
293	환상적	155
294	버리	154
296	해지	153
297	미아	153
298	지금	152
300	잔잔	152
301	번째	150
303	이나	149
306	어야	148
307	너무너무	148
308	때문	146
310	관람	146
312	열정	146
313	전개	145
314	같이	145
315	시작	144
318	뻔하	141
319	재미없	140
320	호불호	140
321	약간	139
325	아프	137
326	을까	137
327	플래쉬	137
328	하다	136
329	이것	136
330	특히	136
331	아주	135
335	만큼	134
337	그러	134
338	연인	133
339	자체	131
341	혼자	131
343	예술	130
344	순간	128
345	오프닝	128
346	여도	128
347	에요	127
348	마법	127
354	가지	121
355	다른	121
358	음악도	119
359	모습	118
362	미소	117
363	한편	117
364	연주	117
365	해피엔딩	116
366	감성	115
367	취향	115
368	갈리	115
369	보여주	114
372	극장	113
373	아련	113
374	2016	113
375	남기	113
376	환상	112
377	만나	112
378	여주	112
379	먹먹	111
380	상상	111
381	어도	110
383	결국	110
384	훌륭	110
385	후회	110
387	ㄴ다면	108
388	보이	108
391	완전	107
392	따뜻	106
393	그런	106
394	OST	106
396	기에	105
398	진부	104
399	남녀	104
400	구성	104
401	분위기	103
402	볼만	102
404	느껴지	102
405	잊히	101
407	라면	100
408	화면	100
409	크리스마스	99
411	다르	99
412	낭만	99
413	미치	98
414	맴돌	98
415	밖에	98
416	선택	97
420	대사	95
421	흐르	94
423	나가	93
424	최악	93
425	힘들	93
426	만족	93
427	비기	93
428	솔직히	93
429	어게인	91
431	은데	90
432	있다	90
433	흘러가	89
435	보시	88
436	역시	87
437	씁쓸	87
438	ㄹ지	87
439	매력	87
440	나쁘	86
441	살짝	86
445	소리	84
446	졸리	84
447	성공	84
448	어울리	83
449	그저	82
450	집중	82
451	향하	82
454	잘하	81
456	고민	81
457	자신	81
459	시키	80
460	중반	80
461	동안	80
463	사이	80
465	안되	78
467	명작	77
468	관객	76
469	소름	76
470	바보	76
471	부족	76
473	실망	76
474	매우	75
479	그래서	75
480	마다	74
481	필요	74
482	신선	74
483	화려	74
484	of	74
485	갈수록	74
486	플래시	73
487	추억	73
488	이유	73
489	슬픔	73
490	어느	72
491	이후	72
492	감사	72
493	빠져들	72
494	진심	71
497	대로	71
498	박수	71
501	전체적	70
502	반전	70
503	이렇게	70
504	개연성	69
505	근데	69
507	매력적	69
509	신나	68
510	마무리	68
511	와닿	68
513	알바	67
516	아쉬움	66
517	떠오르	66
518	ㄴ다는	66
519	요소	66
520	대박	66
521	회상	66
522	의미	66
523	간만	66
524	선율	66
525	누구	66
526	어떤	65
527	응원	65
528	멋있	65
531	지나	65
532	댄스	65
534	판타지	64
536	이루어지	64
537	더라	64
538	장르	64
541	그것	63
545	구요	61
546	감탄	61
547	여러	61
548	거나	61
549	호강	61
550	각자	61
551	포기	61
552	가시	60
555	무슨	60
557	연애	60
558	아름다움	60
559	후반부	60
560	제일	60
562	조화	59
565	흘리	58
566	나름	58
567	한국	58
568	헤어지	58
569	이거	58
570	여주인공	58
571	노력	58
572	어떻	58
573	엄청	58
574	울컥	58
575	필요없	57
576	적인	57
578	춤추	57
579	라서	57
581	연말	57
582	어쩌	57
583	어우러지	56
584	20	56
585	부르	56
587	드리	56
588	있음	56
589	세상	56
591	청춘	55
592	사운드	55
593	대단	55
594	스타일	55
595	하나하나	55
596	지나가	54
597	얘기	54
599	따르	54
602	다만	53
603	보기	53
604	가득	53
606	그때	52
607	소장	52
608	원하	52
610	오래	52
612	달콤	52
613	안타깝	52
614	진하	52
617	과정	51
619	으면서	51
620	설레	51
623	이번	51
624	감상	51
625	얼마나	51
626	인상적	50
629	뛰어나	50
632	으며	50
633	다소	50
634	라도	50
635	커플	50
636	자기	50
637	다니	50
640	귀가	49
642	세바스찬	49
643	평범	49
644	굉장히	49
645	보세	48
646	과거	48
648	현실적	48
649	나의	48
650	또한	48
652	연기력	47
654	뭉클	47
655	최근	47
656	자리	47
657	려고	47
658	인상깊	47
659	마치	47
660	겨울	47
662	오디션	46
663	전혀	46
664	힐링	46
665	이제	46
666	개봉	46
667	니까	45
668	결혼	45
669	보내	45
671	반복	45
672	빛나	45
673	당신	45
674	후반	45
675	떨어지	44
677	노트북	44
678	타임	44
679	즐기	44
680	멜로디	44
681	사실	44
682	담기	44
683	자꾸	44
684	낭만적	44
685	루즈	44
687	어른	44
689	어렵	43
690	줄거리	43
691	위로	43
692	엄청나	43
693	펑펑	43
694	선물	42
695	이별	42
696	머리	42
698	들어가	42
701	아무	42
702	고전	42
704	더욱	42
708	어디	41
709	바라보	41
710	오히려	41
711	LA	41
712	만약	41
713	바로	41
714	city	41
715	놓치	41
716	그러나	41
717	천재	41
718	맘마	41
721	한테	40
723	유치	40
724	수준	40
726	경험	40
727	다음	40
728	더니	40
729	돋보이	40
732	남친	39
733	압권	39
734	갑자기	39
735	희망	39
737	평생	39
738	도록	39
740	덕분	39
741	짠하	39
742	유쾌	39
743	일어나	39
744	그닥	38
746	자마자	38
748	좋아지	38
750	눈물나	38
753	시절	38
754	단순	38
755	연출력	38
756	라구요	37
757	고는	37
759	교환	37
762	stars	37
764	구나	36
766	비슷	36
767	비하	36
768	상황	36
771	물론	36
773	동시	36
774	귓가	36
776	싫어하	36
780	하루	35
782	탄탄	35
785	울리	35
786	갈등	35
787	가볍	35
790	더라면	35
791	평가	34
792	애잔	34
794	시작하	34
795	ㅁ에도	34
796	ㄹ수록	34
798	전부	34
799	여기	34
800	ㄴ다고	34
801	고맙	34
802	그림	34
803	달달	34
804	나중	34
805	해보	34
807	떠나	34
810	무조건	34
811	누군가	34
813	옛날	33
815	제대로	33
816	꿈같	33
817	찡하	33
818	크레딧	33
819	벅차	33
820	역대	33
821	들이	33
823	인지	33
824	뮤직	33
825	드라마	33
826	어리	33
827	짜리	33
828	살아가	33
829	이야	33
830	멜로	33
831	비현	33
834	으니	33
835	주연	32
836	이란	32
837	흥얼거리	32
838	의상	32
839	가보	32
840	던데	32
841	로맨틱	32
842	항상	32
843	오랫만	32
844	잠들	32
845	쓰레기	32
847	표정	32
848	터지	32
849	편의	32
851	진행	32
853	중요	32
854	이어지	32
855	제가	32
856	절대	32
857	다하	32
858	수작	32
860	주가	32
861	테이크	32
862	뭐하	32
863	바라	31
864	가치	31
865	메세지	31
866	30	31
867	이러	31
868	미래	31
869	바뀌	31
870	이토록	31
872	감명깊	31
873	그녀	31
874	존재	31
877	놀랍	31
879	계절	31
880	생기	31
881	심장	31
882	예상	31
883	그런데	30
884	주고	30
886	마세	30
887	취하	30
888	거지	30
890	캐릭터	30
893	머릿속	30
895	올라가	30
896	등극	30
897	넘치	30
898	한마디	30
900	웃음	30
902	몽환적	29
903	첫사랑	29
904	아이	29
905	진영	29
906	오래가	29
907	돌아오	29
908	당황	29
909	기다리	29
911	메시지	29
912	돌아가	29
915	째즈	29
916	뜬금없	29
918	고요	29
919	놀라	29
920	도로	29
921	자연	29
922	도시	29
923	제목	29
924	주제	29
925	더군요	29
927	충분히	29
928	우드	29
929	근래	28
930	더라도	28
931	레미제라블	28
932	예매	28
933	바람	28
935	연극	28
936	더하	28
937	있었	28
938	내리	28
940	볼거리	28
941	결론	28
942	새롭	28
943	상영	28
944	잘되	28
945	언제	28
946	일단	28
947	만점	28
950	특별	28
951	이하	28
952	거기	28
953	정말로	28
955	젊은이	28
956	스크린	28
957	극찬	28
958	억지	28
959	몰르	27
960	사랑과	27
961	자극	27
962	용기	27
964	들리	27
967	미가	27
968	전반적	27
969	이미	27
970	한데	27
971	고자	27
972	단연	27
973	미국	27
974	먹먹하	27
975	여배우	27
976	지극히	27
977	흐름	27
978	어찌	27
979	충분	27
981	전달	26
982	끼리	26
983	후기	26
984	전율	26
985	은지	26
986	현재	26
987	가족	26
988	평소	26
989	흥미	26
990	100	26
991	글쎄	26
992	점점	26
994	오글거리	26
995	요즘	26
997	아이맥스	26
998	쓸쓸	26
999	평론가	26
1000	원래	26
1001	두고두고	26
1002	나라	26
1004	비추	26
1005	떠올리	26
1006	미장	25
1007	타협	25
1008	풍부	25
1009	OO	25
1010	벅차오르	25
1011	진정	25
1013	태어나	25
1014	교훈	25
1015	돌아보	25
1016	그럼	25
1017	실패	25
1019	애틋	25
1021	훨씬	25
1022	멈추	25
1023	러브	25
1025	추가	25
1026	하품	25
1028	수록	25
1029	안보	25
1030	예정	24
1031	깨닫	24
1032	네이버	24
1033	베스트	24
1034	예고편	24
1035	이름	24
1036	가사	24
1038	흘르	24
1039	카메라	24
1040	마저	24
1041	왠지	24
1042	아까	24
1043	클래식	24
1045	려는	24
1046	찬란	24
1047	그대로	24
1048	소중	24
1051	임팩트	24
1052	우리나라	24
1053	고전적	24
1055	순수	23
1056	분명	23
1057	딱히	23
1058	형식	23
1059	인상	23
1060	그럭저럭	23
1061	키스	23
1062	어색	23
1063	관하	23
1064	즐거움	23
1068	나요	23
1069	도전	23
1070	주의	23
1071	the	23
1074	성장	23
1075	완성도	23
1076	세계	23
1077	적이	23
1078	엄마	23
1079	강하	23
1080	잠시	23
1081	결과	23
1082	인정	23
1083	라인	23
1084	다가오	22
1085	예술가	22
1086	좌절	22
1088	한번쯤	22
1089	조아	22
1090	섬세	22
1091	예술적	22
1093	빨리	22
1094	우주	22
1096	세련	22
1098	찝찝	22
1099	허무	22
1100	굳굳	22
1101	되게	22
1102	없다	22
1103	로맨틱하	22
1105	시퀀스	22
1107	점수	22
1108	인연	22
1109	없었	22
1110	판도라	22
1111	깊이	22
1112	이리	22
1113	안됨	22
1114	던지	22
1115	미술	22
1116	가능	22
1118	막히	21
1119	해피	21
1120	한참	21
1122	방금	21
1123	년대	21
1124	거리	21
1125	촬영	21
1127	무난	21
1129	시리	21
1131	만남	21
1132	포인트	21
1133	할리우드	21
1134	다운	21
1135	ㄹ까요	21
1136	등등	21
1137	여전히	21
1138	두근거리	21
1139	살리	21
1140	아리	21
1141	얼굴	21
1142	다행	21
1143	캐스팅	21
1144	관계	21
1145	기대되	21
1146	음향	21
1147	적절	21
1148	City	21
1149	색채	20
1150	색다르	20
1152	그려내	20
1153	마스터	20
1154	마냥	20
1155	무척	20
1156	길래	20
1158	나이	20
1159	산만	20
1160	아야지	20
1162	언제나	20
1163	안하	20
1164	느라	20
1165	심야	20
1168	정신	20
1170	정보	20
1171	폭발	20
1172	당하	20
1173	비록	20
1174	긴장감	20
1176	영원히	20
1178	그나마	20
1180	담아내	20
1182	방식	20
1183	마시	20
1184	장난	20
1186	반하	20
1187	듯이	20
1188	무대	20
1189	곱씹	20
1190	막판	20
1191	뜨겁	20
1192	500	19
1194	려구요	19
1195	로서	19
1198	여성	19
1200	러닝	19
1201	수도	19
1202	맞추	19
1203	여름	19
1204	감수성	19
1205	여러분	19
1206	휘몰아치	19
1207	나아가	19
1208	감히	19
1210	기쁘	19
1211	헤어나오	19
1212	설명	19
1213	신파	19
1214	에는	19
1215	흥겹	19
1216	해석	19
1217	생애	19
1218	차이	19
1220	Ost	18
1221	차라리	18
1222	타이밍	18
1223	편집	18
1224	반부	18
1225	카페	18
1228	변하	18
1229	남편	18
1230	우울	18
1231	통하	18
1233	별루	18
1234	찾아가	18
1235	테마	18
1236	불구하	18
1237	좀더	18
1238	영화인	18
1241	좋앗	18
1244	한동안	18
1245	음악적	18
1246	접하	18
1247	스타	18
1248	대체	18
1249	풀어내	18
1250	star	18
1251	쏘쏘	18
1252	새해	18
1253	도대체	18
1254	확실히	18
1255	독특	18
1256	플레쉬	18
1257	아무리	18
1258	걸작	18
1260	인하	18
1262	기도	18
1263	익숙	18
1264	달리	18
1265	소재	18
1266	강렬	18
1267	사로잡	18
1268	사라지	18
1269	비교	18
1270	지질	18
1271	지도	18
1272	열심히	18
1273	조합	17
1274	세바	17
1275	거의	17
1276	이면서	17
1277	걸리	17
1278	마주치	17
1279	발견	17
1282	오브	17
1284	고속도로	17
1285	무한	17
1286	끊기	17
1287	감흥	17
1288	으시	17
1289	해내	17
1290	주변	17
1291	하면서	17
1292	공연	17
1293	보통	17
1294	끝내	17
1295	식이	17
1296	하늘	17
1297	따라가	17
1298	종일	17
1299	미안	17
1301	개인	17
1303	설레이	17
1304	싸우	17
1306	다루	17
1307	쏟아지	16
1309	기법	16
1310	나누	16
1311	본지	16
1312	들어오	16
1313	도중	16
1314	지치	16
1315	입장	16
1316	you	16
1317	지키	16
1318	액션	16
1320	야지	16
1321	어디쯤	16
1322	이에	16
1323	깔끔	16
1324	오지	16
1325	시선	16
1327	디즈니	16
1328	능력	16
1329	흔하	16
1330	답답	16
1331	찬사	16
1332	매일	16
1333	존나	16
1334	갖추	16
1335	주인	16
1336	사랑이	16
1337	채우	16
1339	조명	16
1340	지겹	16
1341	먼저	16
1342	제발	16
1343	다양	16
1344	제대	16
1345	지나치	16
1346	지네	16
1347	전작	16
1349	시도	16
1351	시사회	16
1352	연속	16
1353	낚이	16
1354	달려가	16
1355	하하	16
1357	나랑	15
1360	답니다	15
1361	긴하	15
1362	며칠	15
1363	메인	15
1364	매료	15
1366	때리	15
1367	말로	15
1368	달라지	15
1369	단순히	15
1371	섞이	15
1374	알려주	15
1375	최선	15
1376	객지	15
1377	참고	15
1378	영원	15
1381	괜히	15
1383	짜임새	15
1384	장식	15
1385	올리	15
1386	잠깐	15
1387	to	15
1388	방황	15
1389	잘못	15
1390	ㄹ라	15
1391	상당히	15
1392	색깔	15
1393	울림	15
1394	웃기	15
1397	선사	15
1398	이기	15
1400	세기	15
1401	가을	15
1402	탄생	15
1403	본적	15
1404	반짝이	15
1405	편하	15
1406	실력	15
1408	폭풍	15
1410	포장	15
1411	경쾌	15
1413	확실	15
1414	바꾸	15
1415	21	15
1416	굳이	15
1417	쌉싸름	15
1418	아마	15
1419	하면	15
1420	12	15
1421	흠잡	15
1422	박수치	14
1423	떨리	14
1424	완성	14
1425	ㄴ가요	14
1426	국내	14
1428	되돌아보	14
1429	고이	14
1430	재회	14
1431	인도	14
1432	인기	14
1433	인간	14
1434	기회	14
1435	난해	14
1436	가깝	14
1437	따로	14
1438	의도	14
1439	가야	14
1440	을지	14
1441	등록	14
1443	미화	14
1445	시끄럽	14
1446	기쁨	14
1447	충격	14
1448	역시나	14
1449	리뷰	14
1450	저격	14
1452	짱짱	14
1453	하기	14
1455	질리	14
1456	단어	14
1458	for	14
1459	죽이	14
1461	클럽	14
1462	로그	14
1463	압도적	13
1466	영호	13
1467	에스	13
1468	여행	13
1470	예전	13
1471	감도	13
1473	감각	13
1474	똑같	13
1475	아침	13
1477	가미	13
1478	이브	13
1480	늘어지	13
1482	는가	13
1485	특유	13
1486	나머지	13
1487	편안	13
1490	넘어가	13
1493	호흡	13
1494	천문대	13
1496	다녀오	13
1497	잘나	13
1498	이자	13
1499	이지만	13
1500	ㄹ지라도	13
1501	두고	13
1503	자면	13
1504	신랑	13
1506	적당히	13
1507	movie	13
1508	짜릿	13
1509	짜증나	13
1511	are	13
1512	마주하	13
1513	아카데미	13
1514	부럽	13
1515	시대	13
1516	과하	13
1517	과연	13
1519	스찬	13
1520	시각적	13
1521	스스로	13
1522	상업	13
1523	무겁	13
1524	무언가	13
1525	성적	13
1526	본인	13
1527	그다지	13
1528	셉스	13
1530	불쌍	13
1531	벌써	13
1533	기로	12
1534	어지럽	12
1535	억지로	12
1536	정리	12
1537	ㄴ들데	12
1540	인물	12
1541	just	12
1542	love	12
1543	가기	12
1545	참신	12
1546	내요	12
1547	기억나	12
1548	망가지	12
1549	다섯	12
1550	열정적	12
1551	강력	12
1552	상영관	12
1553	다그	12
1554	it	12
1555	감명	12
1556	녹여내	12
1557	라니	12
1558	두렵	12
1559	날아가	12
1560	이기적	12
1561	음에도	12
1562	벗어나	12
1563	아른거리	12
1564	지리	12
1565	리스트	12
1566	겠다	12
1567	달르	12
1569	목표	12
1570	마라	12
1571	그만큼	12
1572	촌스럽	12
1577	지내	12
1578	Good	12
1579	버전	12
1580	신분	12
1581	빠르	12
1582	뚝뚝	12
1584	걱정	12
1586	잔인	12
1587	시각	12
1590	자고	12
1591	지지	12
1592	운명	12
1593	놀이	12
1594	이모	11
1595	졸음	11
1597	담백	11
1598	가끔	11
1599	문제	11
1600	등장	11
1601	good	11
1602	그리움	11
1603	무비	11
1604	의문	11
1605	이드	11
1606	생생	11
1607	넘나들	11
1608	we	11
1609	더불	11
1610	재미나	11
1611	장점	11
1612	불편	11
1613	나위	11
1614	비주얼	11
1615	무섭	11
1616	식상	11
1617	대화	11
1618	적절히	11
1619	자주	11
1620	자막	11
1621	도저히	11
1622	학생	11
1623	me	11
1624	전문가	11
1625	대부분	11
1627	전하	11
1628	일의	11
1629	전형적	11
1630	절로	11
1631	동반자	11
1632	절묘	11
1634	광고	11
1635	두근두근	11
1636	서글프	11
1638	저리	11
1639	위안	11
1640	아픔	11
1641	스치	11
1642	엉엉	11
1644	가히	11
1645	궁금	11
1646	내고	11
1647	기립	11
1649	려요	11
1650	기대치	11
1651	편견	11
1652	애인	11
1655	남성	11
1657	낭비	11
1658	만이	11
1659	구도	11
1660	흘러나오	11
1661	그거	11
1662	시네마	11
1663	베리	11
1665	는다는	11
1666	글자	11
1667	마음속	11
1668	시몬스	11
1670	경우	11
1671	찾아보	11
1672	얼마	11
1673	변화	11
1674	바웃	11
1675	바래	11
1677	망치	11
1679	직접	11
1680	광기	11
1683	오오	11
1684	별거	11
1685	호평	11
1686	바치	11
1687	펼쳐지	11
1688	원스	11
1689	파도	10
1690	진정하	10
1691	면도	10
1692	다음날	10
1693	피곤	10
1694	발랄	10
1695	if	10
1697	적당	10
1698	귀엽	10
1699	부딪히	10
1700	The	10
1701	전드	10
1704	정신없	10
1706	그냥저냥	10
1707	부모님	10
1708	젊음	10
1709	발리	10
1710	포스터	10
1711	전환	10
1712	팝콘	10
1713	부드럽	10
1714	방해	10
1715	모자라	10
1716	진지	10
1717	모처럼	10
1718	청각	10
1719	청년	10
1720	다채	10
1721	신기	10
1722	우산	10
1723	소소	10
1724	역할	10
1725	연결	10
1726	확인	10
1727	영화계	10
1728	옛사랑	10
1729	오가	10
1730	오래도록	10
1731	오르	10
1732	온몸	10
1733	감각적	10
1734	뛰어넘	10
1735	맛있	10
1738	혹은	10
1739	외국	10
1740	shining	10
1741	우연히	10
1742	손잡	10
1743	말르	10
1744	에이	10
1745	앤딩	10
1746	아끼	10
1747	신이	10
1748	경계	10
1749	결코	10
1751	11	10
1752	밀려오	10
1754	격려	10
1755	흠뻑	10
1758	아릿	10
1759	흔들리	10
1760	기가	10
1761	로써	10
1762	압도	10
1764	슬퍼지	10
1766	배신	10
1767	소문	10
1768	잃어버리	10
1769	서사	10
1770	재능	10
1771	OOO	10
1772	상태	10
1773	붙잡	10
1774	깨어나	10
1777	일깨우	10
1778	향연	10
1779	도가	10
1780	잖아	10
1781	반짝반짝	10
1782	사귀	10
1783	자극적	10
1784	이입	10
1786	한해	10
1787	공간	10
1788	이래	10
1789	이끌	10
1790	설정	10
1792	가버리	10
1793	각본	10
1794	드물	10
1795	그립	10
1796	고통	10
1797	그만	10
1798	으로서	10
1799	풍경	9
1802	무시	9
1803	방향	9
1804	틀림없	9
1805	년도	9
1806	황홀경	9
1808	흘러내리	9
1809	해하	9
1810	행동	9
1811	향수	9
1812	낯설	9
1813	환희	9
1814	반응	9
1815	내보	9
1817	밋밋	9
1819	현실감	9
1820	피아	9
1824	수가	9
1825	올드	9
1826	와이프	9
1827	솔로	9
1829	움직이	9
1830	워낙	9
1831	세월	9
1832	수트	9
1833	디테일	9
1834	성인	9
1835	성숙	9
1836	이상적	9
1837	드림	9
1838	이의	9
1839	이정	9
1840	수많	9
1842	일상	9
1843	시나리오	9
1844	실현	9
1845	심하	9
1847	아내	9
1848	리웃	9
1849	아래	9
1850	리듬	9
1851	아마도	9
1852	스포	9
1853	시기	9
1855	애절	9
1856	애정	9
1857	어떠	9
1858	어이	9
1859	언젠가	9
1860	일반	9
1861	일수	9
1863	찾아오	9
1864	지우	9
1865	지진	9
1866	진실	9
1867	다시금	9
1868	봐야겠어	9
1869	보라색	9
1870	차리	9
1871	천국	9
1872	주르륵	9
1873	청소년	9
1874	촉촉	9
1876	는다면	9
1877	커버	9
1878	몰아치	9
1880	주말	9
1881	주고받	9
1882	일어	9
1883	저녁	9
1884	일주일	9
1885	입도	9
1886	입소문	9
1887	빈약	9
1888	잘생기	9
1889	불륜	9
1890	불가능	9
1891	저절로	9
1892	존중	9
1893	적극	9
1894	분만	9
1895	적응	9
1896	적임	9
1897	전체	9
1898	당연히	9
1899	부산	9
1900	미련	9
1902	16	9
1903	90	9
1904	김치	9
1905	DVD	9
1906	개지	9
1907	검색	9
1908	고뇌	9
1909	갔다오	9
1910	기준	9
1911	가요	9
1912	40	9
1913	2017	9
1915	나뉘	9
1916	la	9
1918	끌리	9
1919	극적	9
1921	그렇게	9
1922	저미	8
1923	재밋어	8
1924	막스	8
1925	마주	8
1926	저렇	8
1927	만듬	8
1928	적어도	8
1929	나서	8
1930	마디	8
1931	전반	8
1932	리라	8
1933	현대	8
1935	정서	8
1937	정화	8
1938	제작	8
1940	인사	8
1941	잠자	8
1942	잖아요	8
1943	문화	8
1944	문득	8
1945	환타지	8
1946	무지	8
1947	으려	8
1948	으로써	8
1949	음미	8
1950	이건	8
1951	이끌리	8
1952	화장실	8
1953	이르	8
1954	이미지	8
1955	화가	8
1956	홀리	8
1957	ㄹ래	8
1958	ㄹ게요	8
1960	일과	8
1961	일지	8
1962	머금	8
1963	자꾸만	8
1964	매끄럽	8
1965	조건	8
1966	작인	8
1967	극복	8
1968	작년	8
1969	is	8
1970	려면	8
1971	독백	8
1973	도입부	8
1974	함의	8
1975	쿨하	8
1976	는구나	8
1977	키스신	8
1978	덜하	8
1979	는데요	8
1980	더더욱	8
1981	대중	8
1982	끼치	8
1983	대안	8
1984	대비	8
1986	파리	8
1987	판타스틱	8
1988	꿈속	8
1989	펼치	8
1990	표현력	8
1991	니깐	8
1992	풀리	8
1994	피스	8
1995	피하	8
1996	다라	8
1997	캐미	8
1998	충격적	8
1999	조절	8
2001	조차	8
2002	웬만	8
2004	주체	8
2005	줄줄	8
2006	뛰쳐나오	8
2007	기존	8
2008	지만요	8
2009	지요	8
2010	따지	8
2011	진짜로	8
2012	짬뽕	8
2014	찐하	8
2016	깜짝	8
2017	착각	8
2018	참으로	8
2022	Where	8
2023	철학	8
2024	초중반	8
2025	추구	8
2026	물랑	8
2027	하여	8
2028	내서	8
2029	솔직	8
2031	어설프	8
2032	어용	8
2033	블록버스터	8
2034	신인	8
2035	버티	8
2036	비로소	8
2037	여요	8
2038	아무튼	8
2039	비쥬얼	8
2040	역사	8
2041	계기	8
2042	영혼	8
2043	영화제	8
2044	예고	8
2045	예술성	8
2047	교차	8
2048	보라	8
2049	보랏빛	8
2050	관심	8
2051	127	8
2052	아의	8
2053	부여	8
2054	아들	8
2055	겨우	8
2057	건반	8
2058	내생	8
2059	불안	8
2060	거품	8
2061	애기	8
2062	애니메이션	8
2063	애매	8
2064	복잡	8
2066	복고	8
2067	감이	8
2068	내리기	8
2069	감성적	8
2070	바쁘	8
2071	고프	8
2072	넘기	8
2073	와우	8
2075	소설	8
2076	공존	8
2078	욕하	8
2079	세포	8
2081	오열	8
2082	과장	8
2083	세대	8
2084	오래오래	8
2085	박자	8
2086	오묘	8
2087	소용돌이	8
2088	오랫동안	8
2089	우울하	8
2090	국제	8
2092	불구	7
2093	설마	7
2094	깨지	7
2096	불가	7
2100	초콜릿	7
2101	게끔	7
2102	초대	7
2103	Welcome	7
2104	아무것	7
2105	새벽	7
2106	부부	7
2107	끝내주	7
2108	하고프	7
2109	관점	7
2110	부정	7
2111	하모니	7
2112	생소	7
2113	측면	7
2114	불빛	7
2115	당장	7
2116	손가락	7
2117	스탈	7
2118	트랙	7
2119	투자	7
2120	빨려들	7
2121	꽤나	7
2122	꽉차	7
2123	퍼지	7
2124	꼽히	7
2125	시티	7
2126	덩어리	7
2127	신경	7
2128	퍼포먼스	7
2129	코끝	7
2131	도와주	7
2132	실제	7
2133	소녀	7
2134	달래	7
2135	컬러	7
2137	단지	7
2138	심지어	7
2139	결정	7
2141	단조	7
2142	돌리	7
2143	단점	7
2148	이요	7
2149	명대사	7
2150	인들	7
2151	감미롭	7
2152	반성	7
2154	예약	7
2155	작가	7
2156	이성	7
2157	받아들이	7
2158	잔잔히	7
2159	잠기	7
2160	갑작스럽	7
2161	연상	7
2162	여지	7
2164	그날	7
2165	가능성	7
2166	best	7
2167	읍니다	7
2168	간의	7
2170	유일한	7
2171	우연	7
2173	완전히	7
2174	갈등하	7
2175	무너지	7
2176	가리	7
2178	묘사	7
2179	의심	7
2180	의외	7
2182	이라	7
2183	갈아타	7
2184	so	7
2185	밴드	7
2186	재생	7
2187	지경	7
2188	좋았	7
2190	준비	7
2191	울음	7
2192	뜬금없이	7
2193	또는	7
2194	봐야	7
2196	저러	7
2197	안무	7
2198	안기	7
2200	안감	7
2201	따라	7
2202	질질	7
2203	아아	7
2204	앞부분	7
2207	괴리	7
2208	버무리	7
2209	엄지	7
2210	저의	7
2211	변주	7
2212	저희	7
2213	어야지	7
2216	절망	7
2217	night	7
2218	어머니	7
2219	어떠하	7
2221	긍정적	7
2222	보임	7
2223	극대화	7
2224	생뚱맞	7
2226	흥분	7
2227	헤헤	7
2228	날리	7
2229	남여	7
2230	나로	7
2231	내인	7
2233	Are	7
2234	흥행	7
2236	후비	7
2237	헤어	7
2238	너와	7
2239	너무하	7
2240	15	7
2241	남주의	7
2242	엉성	6
2243	구매	6
2244	입가	6
2245	구리	6
2246	드디어	6
2247	수상	6
2248	홍보	6
2249	부담	6
2250	객굳	6
2251	주연상	6
2252	주옥	6
2253	주위	6
2254	미모	6
2256	물랑루즈	6
2257	기승	6
2258	and	6
2259	틀리	6
2260	십자	6
2261	특히나	6
2262	순간순간	6
2263	가슴속	6
2264	경이	6
2265	개성	6
2266	훔치	6
2267	주기	6
2268	게다가	6
2270	캘리포니아	6
2271	담담	6
2272	이터널	6
2273	한방	6
2274	여태	6
2275	ㄴ데요	6
2276	훈훈	6
2277	신비	6
2278	여정	6
2279	으려고	6
2280	자아	6
2281	여우	6
2282	인터	6
2283	부리	6
2284	기발	6
2285	기보	6
2286	개론	6
2287	장소	6
2288	랬으	6
2289	아예	6
2290	좋앗어	6
2291	어쩜	6
2292	구성도	6
2293	허황	6
2294	가운데	6
2295	인건	6
2296	따름	6
2297	지르	6
2298	데이트	6
2300	bb	6
2301	bbbb	6
2302	보신	6
2303	그야말로	6
2304	앨범	6
2305	알아보	6
2306	알차	6
2307	무렵	6
2308	따스	6
2309	웅장	6
2311	스트레스	6
2312	ㄹ라고	6
2314	계획	6
2315	고개	6
2316	cg	6
2317	따듯	6
2318	거짓말	6
2319	길이	6
2320	질문	6
2321	허구	6
2322	타입	6
2323	스케일	6
2324	내주	6
2325	어쩌면	6
2326	맨날	6
2328	중독성	6
2329	방울	6
2330	회자	6
2331	어울어지	6
2332	뛰쳐나가	6
2333	들려오	6
2334	건지	6
2335	대체적	6
2336	대충	6
2337	휘파람	6
2338	즐거워지	6
2339	또다시	6
2340	입하	6
2343	거랑	6
2344	희망적	6
2345	지구	6
2346	꾸미	6
2347	어느새	6
2348	떠들	6
2349	지금껏	6
2350	Of	6
2351	인성	6
2352	dream	6
2353	챙기	6
2354	의자	6
2355	노을	6
2356	실험적	6
2357	전반부	6
2358	반영	6
2360	난리	6
2361	말리	6
2362	후유증	6
2363	새로	6
2364	예술인	6
2365	녹이	6
2366	와중	6
2368	난무	6
2369	절반	6
2370	절절	6
2371	한가지	6
2372	50	6
2374	바다	6
2376	잔상	6
2377	삼박자	6
2378	마이너스	6
2379	잔뜩	6
2380	상기	6
2381	상대	6
2382	혼영	6
2383	플롯	6
2384	불호	6
2385	마약	6
2386	해외	6
2388	박히	6
2389	한계	6
2390	잘살	6
2391	취업	6
2393	80	6
2394	와이	6
2395	한구석	6
2396	후딱	6
2397	금방	6
2398	되돌리	6
2399	못되	6
2400	군더더기	6
2401	선호	6
2402	85	6
2403	되돌	6
2404	오버	6
2405	깨알	6
2406	쓰이	6
2408	삼류	6
2409	Stars	6
2410	IF	6
2411	헷갈리	6
2412	ㅂ니다요	6
2413	극장가	6
2414	칭찬	6
2416	연주곡	6
2417	삭제	6
2418	왜케	6
2419	색상	6
2420	세트	6
2421	블루	6
2422	효과	6
2424	섹시	6
2425	위대	6
2426	섹시하	6
2427	아라	6
2428	극치	6
2429	극중	6
2430	명화	6
2431	기대감	6
2432	조만간	6
2433	공원	6
2434	하이	6
2435	날으	6
2436	동산	6
2439	분간	6
2440	율동	6
2441	형용	6
2443	느냐	6
2444	그동안	6
2445	권하	6
2447	오래되	6
2448	뇌리	6
2449	끝장	6
2450	고하	6
2451	ㄴ대	6
2452	한때	6
2453	살림	6
2454	정해지	6
2455	공이	6
2456	알리	5
2457	건강	5
2458	눈앞	5
2459	불만	5
2460	출연	5
2461	흐름도	5
2464	짜증	5
2465	불면증	5
2466	최상	5
2468	행운	5
2469	되새기	5
2470	참으	5
2471	찬가	5
2472	흔들	5
2473	했어도	5
2475	내면	5
2476	아빠	5
2477	위플레시	5
2478	뒤통수	5
2479	첫날	5
2481	것들	5
2482	매혹적	5
2483	혼란	5
2486	처리	5
2487	천재적	5
2488	드러내	5
2489	일으키	5
2490	봐주	5
2491	유명	5
2493	분야	5
2494	분명히	5
2495	깨우	5
2496	쪼금	5
2498	맴찢	5
2499	차갑	5
2500	입이	5
2501	내러티브	5
2502	흑흑	5
2503	안가	5
2504	찜찜	5
2505	분노	5
2506	깔리	5
2507	울컥울컥	5
2508	간직	5
2509	본건	5
2510	젠장	5
2511	구입	5
2512	정반대	5
2513	영감	5
2516	생동감	5
2517	정적	5
2518	발전	5
2519	열연	5
2520	작성	5
2521	젖어들	5
2522	제로	5
2523	방법	5
2524	but	5
2525	lovely	5
2526	연가	5
2527	난잡	5
2528	역경	5
2530	조용히	5
2531	배려	5
2532	조음	5
2533	조작	5
2534	망설이	5
2535	조조	5
2536	누르	5
2537	영화감독	5
2538	절정	5
2539	감정적	5
2540	현대적	5
2541	60	5
2542	만원	5
2543	재개봉	5
2545	온갖	5
2546	재미지	5
2547	재밋네	5
2548	논하	5
2549	오시	5
2550	너희	5
2551	저기	5
2552	회한	5
2553	오래전	5
2554	저릿	5
2555	마의	5
2556	현실성	5
2557	오래간만	5
2558	적시	5
2560	전결	5
2561	녹아들	5
2562	오그라들	5
2563	반면	5
2564	전달하	5
2565	예측	5
2567	land	5
2568	자유	5
2569	미도	5
2570	기자	5
2573	자괴감	5
2574	어떻게	5
2576	지겨움	5
2577	보내주	5
2578	간절히	5
2579	간절	5
2580	우선	5
2581	31	5
2582	약하	5
2583	약속	5
2584	굉장	5
2585	앵글	5
2586	거슬리	5
2587	눈부시	5
2588	따위	5
2589	따분	5
2590	긴장	5
2591	뮤지션	5
2592	복고풍	5
2593	cgv	5
2594	복선	5
2595	중후반	5
2596	거니	5
2597	레스토랑	5
2598	뜬금	5
2599	외모	5
2600	백배	5
2601	런닝	5
2602	여서	5
2603	미스	5
2604	여러번	5
2605	요동치	5
2606	헌사	5
2607	미묘	5
2608	에필로그	5
2610	에너지	5
2612	엇갈리	5
2613	주옥같	5
2614	객기	5
2617	눈가	5
2618	객하	5
2619	fools	5
2621	맡기	5
2622	어찌나	5
2623	욕심	5
2624	동원	5
2625	뒷통수	5
2626	동심	5
2627	더이상	5
2628	택하	5
2629	스텔라	5
2630	음색	5
2631	음악성	5
2632	빼놓	5
2633	스쿨	5
2634	테러	5
2635	대한민국	5
2636	스며들	5
2637	스릴러	5
2638	고르	5
2639	대중성	5
2640	한잔	5
2641	튀어나오	5
2642	숙면	5
2644	고서	5
2645	의견	5
2646	수선	5
2647	스텝	5
2648	ㄹ까말까	5
2649	경계선	5
2650	꽂히	5
2652	메마르	5
2654	시점	5
2655	나기	5
2656	퀄리티	5
2657	빈티지	5
2658	ㄹ게	5
2660	시계	5
2661	을까요	5
2662	데로	5
2663	습니다만	5
2664	키우	5
2665	빠짐없이	5
2666	타인	5
2667	탁월	5
2669	스포일러	5
2670	한시	5
2671	무게	5
2672	파티	5
2675	살아오	5
2676	몇몇	5
2677	니까요	5
2678	이지	5
2679	삶이	5
2680	풍성	5
2682	프랑	5
2683	끊임없이	5
2684	다짐	5
2685	이제야	5
2686	ㅂ시다	5
2687	상상력	5
2688	가면	5
2692	모자르	5
2693	세여	5
2694	포함	5
2695	사회	5
2696	꿈결	5
2697	가세	5
2699	패션	5
2700	한숨	5
2701	손꼽히	5
2702	ㅁ다	5
2703	속지	5
2704	당연	5
2705	속이	5
2706	센과	5
2707	확신	5
2708	소품	5
2709	납득	5
2711	사전	5
2712	의지	5
2713	Jazz	5
2714	평이	5
2715	으러	5
2716	고문	5
2717	나타내	5
2718	불행	5
2721	그려지	5
2722	멍하	5
2723	치유	5
2724	춤사위	5
2725	심각	5
2726	충동	4
2727	사장	4
2728	사치	4
2729	미완성	4
2730	연습	4
2731	남다르	4
2732	자존심	4
2733	불르	4
2734	심오	4
2735	평론	4
2736	조연	4
2737	역동적	4
2738	최대한	4
2739	평균	4
2740	조용	4
2744	과잉	4
2745	조잡	4
2746	편곡	4
2747	불러일으키	4
2748	남과	4
2749	사무치	4
2751	자칫	4
2752	달려오	4
2753	연예인	4
2754	내기	4
2755	단비	4
2756	영리	4
2757	한두	4
2758	그대	4
2761	단언	4
2762	정작	4
2764	성해	4
2765	남짓	4
2767	열일	4
2768	단체	4
2769	최초	4
2770	의하	4
2772	정확히	4
2773	동기	4
2774	강제	4
2775	혹시	4
2776	포커스	4
2777	넘버	4
2778	한몫	4
2779	고집	4
2781	미어지	4
2782	비극적	4
2783	일부러	4
2784	life	4
2785	사기	4
2786	명성	4
2787	끼우	4
2788	개뿔	4
2789	요새	4
2790	사계절	4
2791	대가리	4
2792	자본	4
2793	엠마왓슨	4
2794	해용	4
2795	수고	4
2796	초점	4
2797	팍팍	4
2799	가창력	4
2800	구분	4
2801	묻어나	4
2802	햇빛	4
2803	붙이	4
2804	ㄹ래요	4
2806	주마등	4
2807	엉뚱	4
2808	대답	4
2809	벌리	4
2810	구름	4
2811	주무시	4
2812	여러모로	4
2813	나타나	4
2814	자세	4
2816	과대	4
2817	소환	4
2818	묘미	4
2819	레이	4
2820	망하	4
2821	jazz	4
2822	충족	4
2823	배치	4
2824	헌정	4
2825	졸작	4
2826	in	4
2828	여야	4
2829	사납	4
2830	되어가	4
2831	자신감	4
2832	런지	4
2833	당첨	4
2836	퍼펙트	4
2837	초콜렛	4
2838	나지	4
2839	자식	4
2841	종합	4
2842	작정	4
2843	품격	4
2844	쌉쌀	4
2845	새끼	4
2848	하도	4
2849	오롯이	4
2850	새기	4
2851	마찬가지	4
2852	다리	4
2853	서이	4
2854	놀라움	4
2855	글로브	4
2856	저런	4
2857	다며	4
2858	오랜	4
2860	마자	4
2861	이딴	4
2862	하고	4
2863	놀래	4
2864	저버리	4
2865	이내	4
2866	동의	4
2867	상처받	4
2868	상처	4
2869	잘봣어	4
2870	필수	4
2871	see	4
2872	필름	4
2873	일반적	4
2874	오빠	4
2875	왈츠	4
2876	군요	4
2877	이면	4
2878	그곳	4
2879	모지	4
2880	샤인	4
2881	하염없이	4
2882	만화	4
2883	재료	4
2885	온라인	4
2886	서럽	4
2887	이뿌	4
2889	가난	4
2890	다다	4
2891	굳굳굳	4
2892	재밋엇어	4
2893	감기	4
2894	서른	4
2895	오페라	4
2896	오직	4
2897	이상한	4
2898	바람나	4
2899	막상	4
2900	막바지	4
2901	재발견	4
2902	옮기	4
2903	this	4
2904	글쓰	4
2905	가만히	4
2906	국산	4
2907	피어나	4
2909	한껏	4
2910	흥미진진	4
2911	잔한	4
2912	높이	4
2913	삽입	4
2914	절실	4
2915	리얼	4
2916	성격	4
2917	감추	4
2918	나한	4
2919	못생기	4
2920	잔치	4
2921	now	4
2922	끊이	4
2924	말자	4
2925	점도	4
2926	받으	4
2928	영화사	4
2929	닥치	4
2933	넘넘	4
2934	냄새	4
2936	년생	4
2937	예이	4
2938	공포	4
2939	민망	4
2940	상자	4
2941	마성	4
2942	마블	4
2943	공통	4
2944	적이면	4
2945	금물	4
2946	반갑	4
2947	반개	4
2948	와이어	4
2949	전곡	4
2950	해고	4
2951	극본	4
2952	추운	4
2953	싱겁	4
2954	가가	4
2956	갈래	4
2957	마니	4
2958	전문	4
2959	문구	4
2960	이제서야	4
2961	축하	4
2962	전설	4
2963	프로	4
2964	골든	4
2965	ㄴ단	4
2966	랍니다	4
2967	파괴	4
2968	타이틀	4
2969	치중	4
2970	디자인	4
2971	타령	4
2972	140	4
2974	앞뒤	4
2975	실감	4
2976	아낌없이	4
2977	암튼	4
2978	깊숙히	4
2979	빠아	4
2980	일품	4
2981	흐뭇	4
2982	듬뿍	4
2983	데미안	4
2984	을수록	4
2985	계시	4
2986	머무르	4
2987	데이	4
2989	까먹	4
2990	캐롤	4
2993	들썩이	4
2994	타이	4
2995	가치관	4
2996	들썩거리	4
2997	who	4
2998	지인	4
2999	희생	4
3000	해피앤딩	4
3002	씨네	4
3003	보시기	4
3004	터뜨리	4
3005	탭댄스	4
3006	철들	4
3007	치열	4
3008	태양	4
3009	태도	4
3010	희망차	4
3012	더욱더	4
3013	요요	4
3015	치이	4
3017	던데요	4
3018	스피커	4
3019	나간	4
3020	두세	4
3023	뒤늦	4
3024	원피스	4
3025	눈물샘	4
3026	드러나	4
3027	아저씨	4
3028	차분	4
3029	맺히	4
3030	인줄	4
3031	코미디	4
3032	차원	4
3033	으아	4
3034	차질	4
3036	광대	4
3037	희노애락	4
3038	느슨	4
3039	그림자	4
3040	낮추	4
3041	가정	4
3042	뒷부분	4
3043	도입	4
3045	느리	4
3046	게다	4
3048	환영	4
3049	비롯	4
3051	부수	4
3052	차기	4
3053	도서관	4
3054	노선	4
3056	쫓아가	4
3057	인위적	4
3058	시원	4
3059	경적	4
3061	건축학	4
3062	찌들	4
3063	듣기	4
3065	든지	4
3066	쾌감	4
3070	드앤딩	4
3071	비치	4
3073	콜라	4
3074	걸어가	4
3075	은은	4
3076	은가	4
3077	찢어지	4
3078	비참	4
3079	드레스	4
3080	드럽	4
3081	묻히	4
3082	두말	4
3083	지배	4
3084	출연진	4
3085	한없이	4
3086	쳐주	4
3087	중독	4
3089	툭하면	4
3090	거구	4
3091	뜨거워지	4
3092	중의	4
3093	별빛	4
3094	숨기	4
3095	뛰어들	4
3096	숨막히	4
3097	중인	4
3098	어울러지	4
3099	그리스	4
3100	대중적	4
3101	어우	4
3102	숨죽이	4
3104	waste	4
3106	어여	4
3107	기적	4
3108	깨달음	4
3110	특별히	4
3113	억울	4
3114	홀로	4
3117	라스트	4
3118	대미	4
3119	쓰리	4
3120	티켓	4
3121	객아	4
3122	객원	4
3123	티비	4
3124	구들	4
3125	구두	4
3126	느껴	4
3127	죽기	4
3128	자랑	4
3129	라기	4
3130	고생	4
3131	언제쯤	4
3132	라고요	4
3133	브라보	4
3134	언덕	4
3135	대신	4
3136	띄우	4
3137	대어	4
3138	특성	4
3139	즐거우	4
3140	고루	4
3141	자격	4
3142	증말	4
3143	지가	4
3144	지게	4
3145	귀와	4
3146	뺏기	4
3147	허세	4
3148	스윙	4
3150	end	4
3151	dvd	4
3152	어둡	4
3153	빼앗기	4
3154	토끼	4
3156	어깨	4
3158	보라빛	4
3159	어긋나	4
3161	지독	4
3162	북받치	4
3163	허밍	4
3164	매번	4
3165	으니까	4
3166	양심	4
3167	무드	4
3168	증명	4
3170	치고	4
3172	통틀	4
3173	각종	3
3174	물들	3
3175	200	3
3176	굳입니	3
3177	가자	3
3178	요좋	3
3179	가라	3
3180	음표	3
3181	몸매	3
3182	을걸	3
3184	무료	3
3185	이끌어내	3
3186	운영	3
3187	응응	3
3189	넘어서	3
3190	가량	3
3191	몸짓	3
3192	왔다갔다하	3
3193	우가	3
3194	으려는	3
3195	목소리	3
3196	외계인	3
3197	유지	3
3198	워킹	3
3199	목마	3
3201	올르	3
3202	우리네	3
3203	으니깐	3
3204	미국식	3
3205	24	3
3206	위기	3
3207	응시	3
3208	갈림길	3
3209	무리	3
3211	미완	3
3213	유발	3
3214	유일	3
3215	활력	3
3216	이동	3
3217	용서	3
3221	각각	3
3222	외로	3
3223	울기	3
3224	왓슨	3
3225	몽글몽글	3
3226	갈아치우	3
3227	미침	3
3228	환지	3
3229	각인	3
3230	욕먹	3
3231	믿음	3
3232	간단	3
3233	낚시	3
3234	욕구	3
3235	원색	3
3236	못한	3
3238	네티즌	3
3240	올라오	3
3241	비극	3
3242	관람객재밋었어	3
3243	경도	3
3244	비비	3
3245	신념	3
3246	관람객재밋엇어	3
3247	비슷하	3
3248	비싸	3
3249	시험	3
3250	비중	3
3251	시카고	3
3252	시청	3
3253	비추하	3
3254	시지	3
3255	비틀	3
3256	시사	3
3257	시너지	3
3259	시급	3
3260	시간대	3
3261	승화	3
3262	습니다요	3
3263	슬립	3
3264	스퍼트	3
3265	스파이	3
3266	고난	3
3267	스토리텔링	3
3268	희미	3
3269	비디오	3
3270	신파극	3
3271	빵빵	3
3272	실망감	3
3273	흡입력	3
3274	아기자기	3
3275	아가	3
3277	씁슬	3
3278	쓸데없	3
3280	견디	3
3283	내년	3
3284	불과	3
3286	결과적	3
3287	싱숭생숭	3
3288	불친절	3
3289	불쾌	3
3290	심플	3
3291	불평	3
3292	심취	3
3293	10101010	3
3294	결정판	3
3295	심심	3
3296	심금	3
3297	실은	3
3298	실연	3
3299	실수	3
3300	날짜	3
3301	스키	3
3302	부자	3
3303	성냥	3
3304	힘겹	3
3305	상관없이	3
3306	상당	3
3307	상대방	3
3308	공허	3
3309	상승	3
3310	선정	3
3311	곳곳	3
3312	상업적	3
3313	공감대	3
3314	상의	3
3315	선명	3
3316	공과	3
3317	공기	3
3318	상하	3
3319	서술	3
3320	서서히	3
3321	새록새록	3
3322	공주	3
3323	힘차	3
3324	공들이	3
3325	공백	3
3326	공부	3
3327	색채감	3
3328	생활	3
3329	생의	3
3330	남아	3
3331	삽입곡	3
3332	성장기	3
3333	고등학생	3
3334	과대평가	3
3335	스무	3
3337	순위	3
3338	순식간	3
3339	순서	3
3340	수없이	3
3341	수십	3
3342	수수료	3
3343	수상작	3
3344	수면제	3
3345	수면	3
3346	고스란히	3
3348	손해	3
3349	고작	3
3350	속상하	3
3351	소화	3
3352	히트	3
3353	소문나	3
3354	히히	3
3355	셉이	3
3356	사정	3
3358	산다	3
3359	고찰	3
3360	성탄절	3
3361	성취	3
3362	120	3
3364	밋엇	3
3365	발단	3
3366	영향력	3
3367	영향	3
3368	값지	3
3369	영광	3
3370	였습	3
3371	열의	3
3372	열망	3
3373	열리	3
3374	연초	3
3375	밤하늘	3
3376	연주가	3
3379	구우	3
3380	연극적	3
3381	여화	3
3382	개가	3
3383	배부르	3
3384	배신감	3
3385	여주인	3
3386	배역	3
3387	개념	3
3388	여인	3
3389	배제	3
3390	백번	3
3391	여분	3
3392	여름밤	3
3393	난생	3
3394	영화판	3
3396	영화화	3
3397	온전히	3
3399	감격	3
3400	오후	3
3401	오우	3
3402	오어	3
3403	오스카	3
3404	군무	3
3405	오마쥬	3
3406	오로지	3
3407	감동해	3
3408	군대	3
3409	감미	3
3410	박차	3
3411	오년	3
3412	반감	3
3413	오기	3
3414	반대	3
3415	감상적	3
3416	오고	3
3417	반복재생	3
3418	예찬	3
3419	반짝거리	3
3420	예술계	3
3421	난방	3
3422	예감	3
3423	구조	3
3424	훌쩍	3
3425	여느	3
3426	부에	3
3427	복받치	3
3428	괴롭	3
3429	본거	3
3430	애매모호	3
3431	흐느끼	3
3432	본영	3
3434	앞두	3
3435	본질	3
3436	알았	3
3437	건드리	3
3439	안해	3
3440	봐야겠다	3
3441	건조	3
3442	안본	3
3443	날라다니	3
3444	안녕	3
3445	봣어	3
3446	악도	3
3448	아주머니	3
3449	검사	3
3450	아이러니	3
3451	아우	3
3452	아무런	3
3453	12345	3
3454	내려가	3
3455	내이	3
3456	애초	3
3457	버림받	3
3458	휴지	3
3459	버젼	3
3460	개월	3
3461	범죄	3
3462	베이스	3
3463	얻어맞	3
3464	갱신	3
3465	갸우뚱	3
3467	구경	3
3468	어쩌다	3
3469	어쨌든	3
3470	어울림	3
3471	거닐	3
3472	17	3
3473	거든	3
3474	거든요	3
3475	어마어마	3
3476	어떻든	3
3477	보너스	3
3478	보듬	3
3479	어가	3
3481	보상	3
3482	양립	3
3483	거보	3
3484	괴리감	3
3485	앤드	3
3486	가도	3
3487	끝없이	3
3488	노라	3
3489	기술적	3
3490	기타	3
3491	나르	3
3492	허탈	3
3493	즐거	3
3494	즈음	3
3496	중요성	3
3497	film	3
3498	중구	3
3499	뜻대로	3
3500	줄이	3
3502	라다	3
3503	주제곡	3
3504	주어지	3
3505	떠다니	3
3506	주세	3
3507	주문	3
3508	랄랄	3
3509	주룩주룩	3
3510	주려	3
3511	주랑	3
3512	주도	3
3513	래래	3
3514	주관적	3
3515	래요	3
3516	나마	3
3517	좋앗습니	3
3519	종종	3
3520	떠오	3
3521	떠나가	3
3522	종류	3
3523	들어보	3
3524	차오르	3
3525	드럼	3
3526	드시	3
3528	찔끔	3
3529	드이	3
3530	찌르	3
3532	들뜨	3
3535	향기	3
3536	쪼끔	3
3538	들어주	3
3539	때쯤	3
3540	짝짝	3
3541	깃들	3
3542	집중도	3
3543	can	3
3544	따라하	3
3545	길들이	3
3546	진가	3
3547	딱딱	3
3548	직후	3
3549	직전	3
3550	가늘	3
3551	눈물짓	3
3552	딸아이	3
3553	day	3
3554	기본	3
3555	레드	3
3556	만끽	3
3557	seb	3
3558	리그	3
3559	리메이크	3
3560	절제	3
3561	금하	3
3562	one	3
3563	금지	3
3564	현란	3
3565	마구	3
3566	마땅	3
3567	전과	3
3568	전개도	3
3569	마르	3
3570	마리	3
3571	적도	3
3572	글썽거리	3
3573	접근	3
3574	현실주의자	3
3575	저렴	3
3576	저렇게	3
3577	형성	3
3578	마주보	3
3579	저것	3
3580	저거	3
3581	쟁취	3
3582	쟁이	3
3583	재우	3
3584	막막	3
3585	막연	3
3586	막장	3
3587	근사	3
3588	현기증	3
3589	접목	3
3590	jk	3
3592	헛되	3
3593	존경	3
3594	조폭	3
3595	조카	3
3596	헛헛	3
3597	조정	3
3598	기르	3
3600	조언	3
3602	조심	3
3603	조미료	3
3604	조금씩	3
3608	기나길	3
3609	헤프	3
3610	제외	3
3612	롯데	3
3613	정통	3
3614	정점	3
3615	정의	3
3616	정성	3
3617	정석	3
3618	급하	3
3619	music	3
3620	musical	3
3621	정답	3
3622	행복감	3
3623	차지	3
3625	당혹	3
3626	포장지	3
3627	If	3
3628	포근	3
3629	It	3
3630	평하	3
3632	평단	3
3634	La	3
3635	페스트	3
3637	당분간	3
3639	한순간	3
3640	Love	3
3643	대가	3
3644	판단	3
3645	대단히	3
3646	파란색	3
3647	대립	3
3649	특징	3
3651	특색	3
3652	툭툭	3
3653	투영	3
3654	꾸역꾸역	3
3655	대표	3
3656	달라	3
3657	한명	3
3658	드가	3
3659	필연	3
3661	하트	3
3662	하지	3
3663	하자	3
3664	하이라이트	3
3665	다느니	3
3666	하심	3
3667	하세	3
3668	하버드	3
3669	하리	3
3670	하려	3
3671	끔찍	3
3672	하나같이	3
3674	끌어내	3
3675	단정짓	3
3676	다요	3
3677	끌려가	3
3678	다음주	3
3679	플래시백	3
3680	니들	3
3681	다지만	3
3682	프랑스	3
3683	다크	3
3685	다투	3
3686	풍기	3
3687	끊어지	3
3688	Hollywood	3
3689	표방	3
3690	OF	3
3691	통수	3
3692	토마토	3
3694	꺼내	3
3696	동떨어지	3
3698	동생	3
3699	동작	3
3700	축복	3
3701	해리	3
3702	추상적	3
3704	해본	3
3705	총평	3
3706	촛점	3
3708	되살아나	3
3710	초등학생	3
3711	초등	3
3712	VOD	3
3713	쳐다보	3
3714	두드리	3
3715	깨끗하	3
3716	What	3
3717	BEST	3
3719	둥둥	3
3720	뒤돌아보	3
3721	뒤흔들	3
3722	뒷맛	3
3723	찰나	3
3724	충전	3
3725	돌이키	3
3726	꺼리	3
3727	돌아서	3
3728	태진	3
3730	더없이	3
3731	탄하	3
3733	할거	3
3734	타고	3
3736	할려	3
3737	SEB	3
3738	데리	3
3739	큰일나	3
3740	크으	3
3741	크리스마스이브	3
3743	크래딧	3
3744	큐브	3
3745	코메디	3
3747	케미	3
3748	컨셉	3
3749	도통	3
3751	합리화	3
3752	독점	3
3753	칼라	3
3754	침대	3
3755	느니	3
3756	꺼지	3
3757	재밋었어	3
3758	직시	3
3759	ㅁ니다	3
3760	그리워하	3
3761	그만두	3
3762	극명	3
3763	그지	3
3764	이해도	3
3765	말없이	3
3766	그렇지만	3
3767	잔혹	3
3768	입문	3
3769	입맛	3
3770	이었	3
3771	가까이	3
3772	입꼬리	3
3773	머리카락	3
3774	매체	3
3776	말길	3
3777	말과	3
3778	top	3
3779	자동	3
3780	일렁이	3
3781	그렁	3
3782	ㄴ다며	3
3783	그나저나	3
3784	머지	3
3785	인은	3
3786	very	3
3788	맨발	3
3789	이젠	3
3790	vs	3
3791	명치	3
3792	ㄴ지라	3
3793	자아내	3
3794	자살	3
3795	명품	3
3796	자연스레	3
3797	명확히	3
3798	이즈	3
3799	자미	3
3800	그토록	3
3801	맛보	3
3802	작위적	3
3803	가게	3
3804	자르	3
3805	잇인	3
3806	맞춤	3
3807	메리	3
3808	ㅂ니다만	3
3809	맥스	3
3810	화나	3
3811	혹시나	3
3812	매치	3
3813	잇달	3
3814	인가	3
3815	자서	3
3816	자괴	3
3817	혼합	3
3818	그러하	3
3819	모아	3
3820	인디고	3
3821	멀리	3
3823	재난	3
3825	먹음	3
3826	자가	3
3827	인내심	3
3828	멀리서	3
3829	그리워지	3
3830	story	3
3831	형편없	3
3832	만드	3
3833	극히	3
3834	인류	3
3835	호텔	3
3836	that	3
3837	매년	3
3838	멘스	3
3839	케이크	2
3840	33	2
3841	콤쌉	2
3842	인사이드	2
3843	콧물	2
3844	경의	2
3845	신년	2
3846	터져나오	2
3847	시즌	2
3848	쿡쿡	2
3849	쿨쿨	2
3850	경쟁	2
3851	터치	2
3853	인척	2
3854	콘서트	2
3855	한층	2
3856	코스터	2
3857	고독	2
3858	Sep	2
3859	으으	2
3860	희대	2
3861	고단	2
3862	CD	2
3863	ㄹ라요	2
3864	함박	2
3865	코요테	2
3866	탈출	2
3867	시체	2
3868	식당	2
3869	경악	2
3870	콕콕	2
3872	SF	2
3873	탈것	2
3874	인생사	2
3875	슬퍼하	2
3877	시달리	2
3878	함정	2
3879	시다	2
3880	은근	2
3881	슴다	2
3882	크리	2
3883	은근히	2
3884	시련	2
3885	계보	2
3886	인정받	2
3887	을게	2
3888	인생영화가됬어	2
3889	습성	2
3890	시국	2
3891	크하	2
3892	승천	2
3893	Sad	2
3894	슬슬	2
3895	스트리트	2
3896	탄성	2
3897	Seb	2
3898	시시	2
3899	클리셰	2
3900	시설	2
3902	음감	2
3903	스포일	2
3904	탄식	2
3905	경지	2
3906	인종	2
3907	시상식	2
3909	가에	2
3910	타오르	2
3912	인색	2
3913	경향	2
3914	시름	2
3915	감과	2
3916	So	2
3918	싸가지	2
3919	쌩뚱	2
3920	해선	2
3921	쵝오	2
3922	일반인	2
3923	추상	2
3924	쌉살	2
3925	유추	2
3926	가짜	2
3927	결실	2
3928	싸구려	2
3929	결심	2
3930	최소한	2
3931	유행	2
3932	출근	2
3933	출시	2
3934	육아	2
3935	출연자	2
3936	TV	2
3937	TOP	2
3938	결정적	2
3939	일류	2
3940	율과	2
3941	쌩뚱맞	2
3943	심정	2
3944	초초	2
3945	일색	2
3946	쓰나미	2
3947	격하	2
3948	초라	2
3949	쑤시	2
3950	초록색	2
3951	쏠쏠	2
3952	쏠리	2
3953	초월	2
3954	쏙쏙	2
3955	초현	2
3956	최강	2
3957	유사	2
3958	쎼쎼	2
3959	일상적	2
3960	101010101010	2
3961	일부	2
3962	촘촘	2
3963	흥미도	2
3964	써보	2
3965	일본	2
3966	촤고	2
3967	충만	2
3968	35	2
3969	컴퓨터	2
3970	혼잣말	2
3971	카피	2
3972	가져다주	2
3973	캐리	2
3974	합치	2
3975	환경	2
3976	터트리	2
3977	신중	2
3978	신작	2
3979	희극	2
3980	으리라	2
3981	신세계	2
3982	인터넷	2
3983	희노	2
3984	커지	2
3985	커피	2
3986	신선도	2
3987	경과	2
3988	컨디션	2
3989	으므로	2
3990	신박하	2
3991	함지	2
3992	신동엽	2
3993	Soooo	2
3994	실리	2
3995	충실	2
3996	결제	2
3997	일간	2
3998	흥얼흥얼	2
3999	취소	2
4000	심리적	2
4001	심리	2
4002	취인	2
4003	심도	2
4004	으뜸	2
4005	으라	2
4006	취준생들	2
4007	결합	2
4008	치장	2
4009	취항	2
4010	Start	2
4011	실컷	2
4012	실질적	2
4013	실제로	2
4015	인트로	2
4016	치료	2
4017	치부	2
4018	실사	2
4019	한쪽	2
4020	22	2
4022	폭탄	2
4023	화답	2
4024	가공	2
4025	설치	2
4026	힘주	2
4027	이남	2
4028	골르	2
4029	프리	2
4031	설래	2
4032	이시	2
4033	설득력	2
4034	설득	2
4035	이냐	2
4036	플레이	2
4037	피고	2
4038	피곤하	2
4039	피날레	2
4040	피로	2
4041	선하	2
4042	이네	2
4043	선지	2
4044	피부	2
4045	선전	2
4046	곡이	2
4047	성공적	2
4048	성과	2
4050	고충	2
4051	고치	2
4052	세밀	2
4053	세미	2
4054	1000	2
4055	폭행	2
4056	고편	2
4057	이것저것	2
4058	이곳	2
4059	성향	2
4060	이구	2
4061	화해	2
4062	표하	2
4063	고한	2
4064	푸르	2
4065	Great	2
4066	풀이	2
4067	풀코스	2
4068	품위	2
4069	풋풋	2
4070	성의	2
4071	이오	2
4072	선입견	2
4073	한국인	2
4074	피시	2
4075	이뻣어	2
4076	가르치	2
4077	하반기	2
4078	가르	2
4079	서로서로	2
4080	화랑	2
4081	하아	2
4082	서랑	2
4083	가꾸	2
4084	학원	2
4085	서곡	2
4086	하이틴	2
4087	하라	2
4089	화룡	2
4090	이만	2
4091	이벤트	2
4092	생전	2
4093	하필	2
4094	학년	2
4095	생명력	2
4096	이만큼	2
4097	생략	2
4098	화음	2
4099	서리	2
4100	선보이	2
4101	Fantastic	2
4102	GTA	2
4103	이동진	2
4104	피아니스트	2
4105	이따금	2
4106	피해	2
4107	이스	2
4108	필자	2
4109	선리	2
4110	선도	2
4112	이때	2
4113	서브	2
4114	석양	2
4115	하구	2
4116	서툴	2
4117	화질	2
4118	서양	2
4119	하달	2
4120	이라고	2
4121	하드	2
4122	한걸음	2
4123	서사시	2
4124	세바스찬같	2
4125	가벼운	2
4126	템포	2
4127	IMAX	2
4128	수정	2
4129	티브	2
4130	인공	2
4131	수식어	2
4132	수식	2
4133	인거	2
4134	파고들	2
4135	파노라마	2
4136	ㄹ란다	2
4137	파악	2
4138	파이트	2
4139	고수	2
4140	학교	2
4141	수두룩	2
4142	고슬고슬	2
4143	수다	2
4144	수놓	2
4145	판도	2
4146	판치	2
4148	솟구치	2
4149	팔짱	2
4150	의도적	2
4151	티격태격	2
4152	한시간	2
4153	한심	2
4154	고로	2
4155	스쳐가	2
4156	스챤	2
4157	고딩들	2
4159	스윗	2
4160	통곡	2
4161	스위트	2
4162	음악인	2
4163	통찰	2
4164	가시나	2
4165	투박	2
4166	특이	2
4167	슈트	2
4168	홀딱	2
4169	투비	2
4170	한줄기	2
4171	ㄹ락	2
4173	트이	2
4174	쓰라리	2
4175	확확	2
4176	순삭	2
4177	솜씨	2
4178	솜사탕	2
4179	패키지	2
4180	이질감	2
4181	Lala	2
4182	소리치	2
4183	소리지르	2
4184	편안히	2
4185	소개팅	2
4186	편이	2
4187	의외로	2
4188	편히	2
4189	한바탕	2
4190	평과	2
4191	Just	2
4192	소생	2
4193	셉은	2
4194	평면적	2
4195	평일	2
4196	센스	2
4197	이진	2
4199	섹스	2
4200	이주	2
4201	세트장	2
4202	포유	2
4203	소박	2
4204	편리	2
4205	의리	2
4206	의아	2
4207	고야	2
4208	손색	2
4209	ㅂ니까	2
4210	희열	2
4211	CG	2
4212	속터지	2
4213	가상	2
4214	Los	2
4215	속도	2
4216	고장	2
4217	300	2
4218	소식	2
4219	페이스	2
4220	소주	2
4221	고재	2
4223	소음	2
4224	소용돌이치	2
4226	소신껏	2
4227	Land	2
4228	소신	2
4229	11000	2
4230	처하	2
4231	유명세	2
4233	외화	2
4234	요감	2
4235	lala	2
4236	개꿀	2
4237	요러	2
4238	졸고	2
4239	요리	2
4240	졸립	2
4241	여운이	2
4243	훌룡	2
4244	종료	2
4245	종사자	2
4246	종영	2
4247	종이	2
4248	요여	2
4249	was	2
4250	imax	2
4251	http	2
4252	개별	2
4253	좋앗지	2
4254	좋었어	2
4255	좋으네	2
4256	외치	2
4257	여태껏	2
4258	외의	2
4259	자의	2
4260	왜냐면	2
4261	제치	2
4263	왜캐	2
4264	연시	2
4265	자차	2
4266	연속성	2
4267	간하	2
4268	자정	2
4269	연락	2
4270	조악	2
4271	외우	2
4272	연관	2
4273	같애요	2
4274	역작	2
4275	조어	2
4276	역량	2
4277	외면	2
4278	역동	2
4279	역겹	2
4280	헤엄치	2
4281	조을	2
4282	여가	2
4283	훑어보	2
4284	줄타기	2
4286	없잖	2
4287	없엇	2
4288	객관적	2
4289	혼나	2
4290	gonna	2
4291	get	2
4292	객석	2
4293	훗날	2
4294	주저	2
4295	주제가	2
4296	얼른	2
4297	얼간이	2
4298	watch	2
4299	주차	2
4300	주책없이	2
4301	우기	2
4302	준거	2
4305	준영	2
4306	준적	2
4307	언어	2
4308	언스	2
4309	개판	2
4311	goood	2
4312	개인차	2
4313	요즈음	2
4314	간질	2
4315	엔화	2
4316	엔드	2
4317	에피소드	2
4318	자라나	2
4319	자라	2
4320	주루룩	2
4321	에에	2
4322	개이	2
4323	에드워드	2
4324	주목	2
4325	개입	2
4326	혹평	2
4327	개중	2
4328	great	2
4329	주리	2
4330	엉망	2
4332	gooood	2
4333	엉덩이	2
4334	주먹	2
4335	왕십리	2
4336	제시	2
4337	제공	2
4338	강조	2
4339	장인	2
4340	올려놓	2
4341	후려치	2
4342	저하	2
4343	장담	2
4344	적극적	2
4345	오디오	2
4346	19	2
4347	적나라	2
4348	감사히	2
4349	올림	2
4350	적신	2
4351	오나	2
4352	적적	2
4353	장기	2
4354	적히	2
4355	호기심	2
4356	전공	2
4358	전날	2
4359	오감	2
4360	전등	2
4361	후보	2
4362	장치	2
4363	형님	2
4364	올겨울	2
4365	감돌	2
4366	형용사	2
4367	재밌었습니	2
4368	오전	2
4369	오요	2
4370	형언	2
4372	70	2
4373	오스트	2
4374	재수	2
4375	재주	2
4376	sns	2
4377	장편	2
4378	오버랩	2
4379	재평가	2
4380	온전	2
4381	sun	2
4382	쟈밌	2
4383	오르가즘	2
4384	온통	2
4386	저냥	2
4387	저래	2
4388	감안	2
4389	현시대	2
4390	time	2
4391	염병	2
4392	와인	2
4393	naver	2
4394	잔적	2
4395	영웅	2
4396	영어	2
4397	정말루	2
4398	정말재밋네	2
4400	정아	2
4401	왈칵	2
4402	정체성	2
4403	two	2
4404	작법	2
4405	열이	2
4406	정형	2
4407	열받	2
4408	정확	2
4409	왕국	2
4410	연휴	2
4411	연화	2
4412	연출법	2
4413	제값	2
4414	호퍼	2
4415	영화당	2
4416	전시회	2
4417	절실히	2
4418	전이	2
4419	perfect	2
4421	our	2
4422	예외	2
4423	후의	2
4424	절교	2
4425	갈망	2
4426	감점	2
4427	예뻣어	2
4428	true	2
4429	영화래	2
4430	잘리	2
4431	not	2
4432	후지	2
4433	현대인	2
4434	현대식	2
4435	점대	2
4436	점주	2
4437	1812	2
4438	회전	2
4439	잘나가	2
4440	우려먹	2
4441	flow	2
4442	일인	2
4443	위치	2
4444	입체감	2
4445	쬐끔	2
4446	안쓰럽	2
4447	활용	2
4448	각기	2
4449	안도	2
4450	입술	2
4451	행하	2
4452	흑인	2
4453	걸맞	2
4454	악평	2
4455	악기	2
4456	always	2
4457	아트	2
4458	걸어오	2
4459	걸치	2
4461	읽히	2
4462	차별화	2
4463	year	2
4464	일탈	2
4465	아이러니컬	2
4466	위력	2
4467	잇닿	2
4468	흐지부지	2
4469	흐뭇흐뭇	2
4470	건달	2
4471	짜내	2
4472	짜맞추	2
4473	각하	2
4474	짜여지	2
4475	앞날	2
4476	앙상블	2
4478	짜이	2
4479	압박	2
4480	건네	2
4481	짜임	2
4482	않되	2
4483	암울	2
4484	짝사랑	2
4485	앓이	2
4486	Angeles	2
4487	be	2
4488	건데	2
4489	짱짱이	2
4491	잇엇	2
4492	않았	2
4493	위주	2
4494	흔히	2
4495	우로	2
4496	아웃	2
4497	재밋엇습니	2
4498	유난	2
4499	겠음	2
4500	흡인력	2
4501	척하	2
4502	환호	2
4503	천만	2
4504	겨울밤	2
4505	천연색	2
4506	천장	2
4507	천재성	2
4508	격렬	2
4509	씨리	2
4510	철철	2
4511	유도	2
4512	해져오	2
4513	유리	2
4514	We	2
4515	청하	2
4516	쓸데없이	2
4518	유머	2
4519	쓴웃음	2
4520	아냐	2
4521	아득	2
4522	처절	2
4523	아무래도	2
4524	아우르	2
4525	찬미	2
4526	찬양	2
4527	아어	2
4528	아쉬워하	2
4529	일침	2
4530	참여	2
4531	창의	2
4533	흘러넘치	2
4534	채로	2
4535	혼신	2
4536	아메리카	2
4537	채색	2
4538	Winter	2
4539	아린	2
4540	채우래	2
4541	아름다웟어	2
4543	게이	2
4544	핸드폰	2
4545	처음으로	2
4546	흐리	2
4547	앞서	2
4548	징글벨	2
4549	집착	2
4550	휘황찬란	2
4551	우스	2
4552	우시	2
4553	휩쓸	2
4554	휩쓸리	2
4555	ever	2
4556	거들	2
4557	어라	2
4558	회복제	2
4560	허술	2
4561	어딨	2
4562	지겨워하	2
4564	지구상	2
4565	잊어버리	2
4566	황홀감	2
4567	우웃	2
4568	어김없이	2
4569	지긋지긋하	2
4570	휴식	2
4572	지기	2
4573	쥬느비에브	2
4574	어영	2
4575	거대	2
4576	어진	2
4577	어퍼컷	2
4578	어처구니	2
4580	fire	2
4581	자각	2
4582	어쩐지	2
4583	중년	2
4584	허허허	2
4585	어쨋든	2
4586	어째	2
4587	중심	2
4588	쥐어짜	2
4589	어지	2
4590	어중간	2
4591	어이없	2
4592	welcome	2
4593	중요시	2
4594	허풍	2
4595	중이	2
4596	중학생	2
4597	중함	2
4599	지난날	2
4600	지려	2
4601	간신히	2
4602	거장	2
4603	휼륭	2
4605	간극	2
4606	애처롭	2
4607	진리	2
4608	com	2
4609	허물	2
4610	허락	2
4611	cd	2
4612	애착	2
4613	있엇	2
4614	액자	2
4615	애쓰	2
4616	짐작	2
4617	집사람	2
4618	애써	2
4620	집약	2
4621	집어삼키	2
4622	애락	2
4623	집이	2
4624	간간히	2
4625	액땜	2
4626	울적	2
4627	지리구	2
4628	직도	2
4629	양성	2
4630	지망생	2
4631	양보	2
4632	what	2
4634	지점	2
4635	where	2
4636	지키기	2
4637	지향	2
4638	운행	2
4639	휴일	2
4640	있엇지	2
4641	야호	2
4642	야망	2
4643	야말로	2
4644	거스	2
4645	직업	2
4647	2010	2
4648	울려퍼지	2
4650	앤해서웨이	2
4652	남배우	2
4653	독창	2
4654	벌어지	2
4655	별자리	2
4657	덧붙이	2
4659	교훈적	2
4660	별다르	2
4661	별것	2
4662	별개	2
4663	구구	2
4664	변주곡	2
4665	데요	2
4668	벤츠	2
4669	도가니	2
4670	베끼	2
4671	구라	2
4672	도깨비	2
4673	도달	2
4674	꼭꼭	2
4675	도리	2
4676	범접	2
4677	도움	2
4678	꼼꼼	2
4680	병행	2
4681	댄서	2
4682	대작	2
4683	보컬	2
4684	보일	2
4685	보이스	2
4686	대전	2
4687	대지	2
4688	대체로	2
4689	대학교	2
4690	보여드리	2
4691	대한	2
4692	보로	2
4693	덜덜	2
4694	꾸르	2
4695	보람	2
4696	교감	2
4697	보더	2
4698	교묘	2
4700	더러	2
4701	더럽	2
4702	더봐야겠어	2
4704	범벅	2
4705	도저	2
4707	번하	2
4708	동행	2
4709	동화책	2
4711	발하	2
4712	발암	2
4713	발목	2
4714	발매되	2
4715	발렌타인	2
4716	구장	2
4717	발권	2
4718	되짚	2
4719	됬다	2
4720	됬어	2
4721	두개	2
4722	두둥실	2
4723	두드러지	2
4724	반쪽	2
4725	두려워하	2
4726	두루	2
4727	반주	2
4728	구현	2
4729	반의	2
4730	반신반의	2
4731	방가	2
4732	방심	2
4733	동일	2
4734	돌아	2
4735	번지	2
4736	도전적	2
4737	도착	2
4738	버튼	2
4739	독보적	2
4740	버스	2
4741	껍데기	2
4742	백미	2
4743	배합	2
4744	돌려보	2
4745	배신자	2
4746	동요	2
4747	꺼이꺼이	2
4748	배리	2
4749	배드	2
4750	구수	2
4751	배가	2
4752	구슬프	2
4754	동감	2
4755	동선	2
4757	대입	2
4758	복합적	2
4759	눈뜨	2
4760	다아	2
4761	비급	2
4762	끝자락	2
4763	블랑	2
4764	끝없	2
4765	다가가	2
4766	끝물	2
4767	다고하	2
4768	다네요	2
4769	브금	2
4770	끝나가	2
4772	불후	2
4773	불허	2
4774	불필요	2
4775	다도	2
4776	불연	2
4778	다물	2
4779	끌어들이	2
4780	다수	2
4781	끌어당기	2
4782	불문	2
4783	불러오	2
4784	끝장나	2
4785	비루	2
4786	비리	2
4787	관람객잘봣어	2
4788	빡쳐	2
4789	눈인사	2
4790	눈치	2
4792	나란히	2
4794	빌리	2
4795	느냐에	2
4796	비호	2
4797	비행기	2
4798	비평가	2
4799	비밀	2
4800	비트	2
4801	는다고	2
4802	비추이	2
4803	나갓	2
4804	비유	2
4805	는지라	2
4806	늘리	2
4807	비오	2
4808	능청	2
4809	늦잠	2
4810	불꽃	2
4811	다양성	2
4812	대요	2
4813	다의	2
4814	부들부들	2
4815	부두	2
4816	부각	2
4817	부가	2
4819	닭살	2
4820	담그	2
4821	답변	2
4822	봣으	2
4823	봣엇	2
4824	당한	2
4825	꿀꿀	2
4826	봐야겠습니	2
4827	대개	2
4828	대견	2
4829	봄날	2
4830	대도	2
4831	대리	2
4832	대만족	2
4833	대변	2
4834	꾸준히	2
4835	대사도	2
4836	대역	2
4837	달성	2
4838	광경	2
4839	달빛	2
4840	부캐	2
4841	다이	2
4842	다잡	2
4843	다재다능	2
4844	다큐	2
4845	다큐멘터리	2
4846	관심없	2
4847	끊임없	2
4848	단계	2
4849	관왕	2
4850	단단	2
4851	부질없	2
4852	끄덕이	2
4853	부조화	2
4854	부정적	2
4855	부자연	2
4856	단연코	2
4857	부시	2
4858	단편적	2
4859	부서지	2
4860	관통	2
4861	부문	2
4863	반사적	2
4864	반드시	2
4865	반가	2
4866	그리피스	2
4867	며칠간	2
4868	레인	2
4869	렌트	2
4870	메타	2
4871	메이	2
4872	메우	2
4873	메신저스	2
4874	기록	2
4875	기력	2
4876	기라	2
4877	려니	2
4878	메가	2
4879	렵니다	2
4880	멍청이	2
4883	멋드러지	2
4884	그로	2
4886	로망	2
4887	기꺼이	2
4888	기기	2
4889	먹이	2
4890	그래	2
4892	면의	2
4893	모으	2
4894	몰랑	2
4895	라틴	2
4896	기성	2
4898	목적	2
4899	랑스	2
4900	그간	2
4901	모험	2
4902	모자	2
4903	모임	2
4904	모양	2
4905	면접	2
4906	모시	2
4908	모름	2
4912	명확	2
4913	명이	2
4914	명연기	2
4915	명곡	2
4916	로스	2
4917	그린	2
4918	국민	2
4919	롤러	2
4920	마누라	2
4921	말아먹	2
4922	마당	2
4923	마랑	2
4924	마력	2
4925	금년	2
4926	많으	2
4927	마스	2
4928	글썽이	2
4929	극의	2
4930	마일즈	2
4931	글리	2
4932	만지	2
4933	마직	2
4934	만족도	2
4935	마케팅	2
4936	극하	2
4937	만세	2
4938	막말	2
4939	막이	2
4940	만도	2
4941	만난	2
4942	근성	2
4943	말하기	2
4944	마가	2
4945	맘대로	2
4948	그만하	2
4949	맥주	2
4951	매혹	2
4953	매이	2
4954	매마르	2
4955	그윽	2
4956	그중	2
4957	리다	2
4958	극단적	2
4959	매너	2
4960	매기	2
4961	리드미컬하	2
4962	맞이하	2
4963	맞아떨어지	2
4964	리스	2
4965	리얼리티	2
4966	그치	2
4967	맛깔	2
4968	극과	2
4969	몰려오	2
4970	기술	2
4971	라서요	2
4972	라며	2
4973	드리우	2
4974	드림걸즈	2
4975	미지	2
4976	깎아내리	2
4977	미쟝센	2
4978	미일	2
4979	미인	2
4980	미워하	2
4981	미없	2
4982	들보	2
4983	미술관	2
4984	들어맞	2
4985	미비	2
4986	미만	2
4987	미리	2
4988	미루	2
4989	들여다보	2
4990	미라	2
4991	깊어지	2
4992	미국인	2
4996	드라이브	2
4997	미흡	2
4998	드라이	2
4999	바닥	2
5000	박진감	2
5001	박스	2
5002	박물관	2
5003	바탕	2
5004	뒤늦게	2
5005	바스	2
5006	바램	2
5007	바람피우	2
5008	뒤집	2
5009	바닷가	2
5010	바끼	2
5011	드라마틱	2
5012	바가지	2
5013	뒷골목	2
5014	밌었	2
5015	밋으	2
5017	밀어붙이	2
5018	밀리	2
5019	믿기	2
5020	드나잇	2
5021	민폐	2
5022	길지	2
5023	뮤즈	2
5024	따라오	2
5025	뜻깊	2
5026	무모	2
5028	기이	2
5029	무릎	2
5030	뛰치	2
5031	무력	2
5032	뜨르르	2
5033	무디	2
5034	무덤덤	2
5035	무덤	2
5036	뜻하	2
5037	기절	2
5038	귀찮	2
5039	묘하	2
5041	기연	2
5042	라구	2
5043	귓전	2
5044	몹시	2
5045	몸소	2
5046	라람	2
5047	라마	2
5048	뚜렷	2
5049	또르르	2
5050	궁금하	2
5051	문명	2
5053	긴말	2
5054	궁합	2
5055	딱이	2
5056	딴살림	2
5057	물이	2
5058	물어보	2
5059	딸리	2
5061	묻어두	2
5063	무성	2
5066	무지개	2
5067	떠나보내	2
5068	무의미	2
5069	기지	2
5070	무언	2
5071	무어	2
5073	무식	2
5074	나래	2
5075	만감	2
5076	내버려두	2
5077	뻔뻔	2
5078	공장	2
5079	나무라	2
5080	널리	2
5081	날씨	2
5082	냉혹	2
5083	색체	2
5084	냉정	2
5085	넘어오	2
5086	내부자	2
5087	눈감	2
5088	과언	2
5089	상큼	2
5090	넘어지	2
5091	과분	2
5092	새삼	2
5093	살아나	2
5095	나왓네	2
5096	눈도	2
5097	너무재밋게봣습니	2
5098	노랫말	2
5099	농담	2
5100	너무재밋어	2
5101	내려놓	2
5102	사로	2
5103	상해	2
5104	공짜	2
5105	사이사이	2
5106	녀랑	2
5107	공인	2
5108	빼앗	2
5109	나이스	2
5110	노부부	2
5112	사름	2
5114	사계	2
5115	사로잡히	2
5116	사기꾼	2
5117	빼어나	2
5118	넘나	2
5119	사탕	2
5120	누나	2
5121	상실	2
5122	나아	2
5123	공의	2
5124	색조	2
5125	넘버원	2
5126	과한	2
5127	날아오르	2
5128	난리나	2
5129	날아다니	2
5130	내버리	2
5131	너르	2
5132	나무	2
5133	공유	2
5137	사알	2
5138	뻔히	2
5141	새겨지	2
5143	내노	2
5145	새드앤딩	2
5146	눈동자	2
5147	내달	2
5149	내적	2
5151	놔두	2
5152	과감	2
5154	놓이	2
5155	뿌옇	2
5156	산뜻	2
5157	날것	2
5158	사연	2
5159	상관없	2
5160	남우	2
5161	사실적	2
5162	상과	2
5163	cant	1
5164	지켜보	1
5165	질색	1
5166	진한	1
5167	지캬내야겠다는굳	1
5168	지속	1
5169	딩크래딧	1
5170	crea	1
5171	지펴야겠지	1
5172	질척거리	1
5173	지불	1
5174	crowd	1
5175	지킴	1
5176	지탱	1
5177	지친	1
5178	진행도	1
5179	지에	1
5180	지장	1
5182	기해	1
5183	지심	1
5184	기혼	1
5185	너머	1
5187	지원	1
5189	따갑	1
5191	지푸라기	1
5192	후일	1
5194	진화	1
5195	dannn	1
5196	지지리	1
5197	후리	1
5198	dance	1
5199	진수	1
5200	기획	1
5201	지하	1
5202	cm	1
5203	진전	1
5204	진입	1
5205	긴가민가	1
5206	지보	1
5207	course	1
5208	직접적	1
5209	진일보	1
5210	후속	1
5211	진이	1
5212	copy	1
5213	1900	1
5214	따개	1
5215	진실성	1
5216	후반부되	1
5217	진귀	1
5218	진동	1
5219	너무좋앗습니	1
5220	진로	1
5221	따라지	1
5222	cool	1
5223	come	1
5224	진상	1
5225	직장인	1
5226	classic	1
5227	직원	1
5228	길리	1
5229	진풍경	1
5230	진쩌	1
5231	지하철역	1
5232	진짜젛아	1
5233	진짜루	1
5234	너무많은게	1
5235	따끔	1
5236	지휘자	1
5237	후우	1
5238	ceb	1
5239	진진	1
5240	딴판	1
5241	직감	1
5242	길바닥	1
5243	직결	1
5244	직관적	1
5245	직구	1
5246	진중	1
5247	딴사람	1
5249	직업적	1
5250	지부	1
5251	허영	1
5252	때로는	1
5253	지못	1
5254	휘둘	1
5255	기요	1
5257	기운	1
5258	기의	1
5259	18	1
5260	중임	1
5261	중점	1
5262	중하	1
5263	낼모레	1
5264	뚱렴	1
5265	냄비	1
5266	뚤고나	1
5267	냅두	1
5268	줫겟지	1
5269	냅킨	1
5271	쥐이	1
5272	기자단	1
5273	똘똘	1
5274	쥬느비에브구	1
5275	훌쩍거리	1
5276	또볼려고합니	1
5278	즉각	1
5279	즉흥적	1
5281	fantastic	1
5282	또보고싳네	1
5283	기왕	1
5284	feel	1
5285	중심적	1
5286	finally	1
5287	내팽겨치	1
5288	줄기	1
5289	줄다리기	1
5290	내편	1
5291	휠씬	1
5293	내평	1
5294	줄창	1
5295	뜻밖에	1
5296	뜻밖	1
5297	내한	1
5298	줏대	1
5299	기영	1
5300	중간부	1
5301	휘말리	1
5302	중간에	1
5304	중구난방	1
5306	중단	1
5307	중대화	1
5308	휘청	1
5309	뜬금없는텝댄스	1
5310	기와	1
5311	뜨린느	1
5312	휘젓	1
5314	중복	1
5315	냉소	1
5316	fame	1
5317	또래	1
5318	지란	1
5319	후후	1
5320	너리	1
5321	do	1
5322	dmdjfdgmgkslxkx	1
5323	지느	1
5324	후하	1
5325	지니	1
5326	지대	1
5327	지대로	1
5328	dkfnaieils	1
5330	지독히	1
5331	지라	1
5332	by	1
5333	dreamer	1
5335	후진	1
5336	지렸규	1
5337	different	1
5338	지루햐	1
5339	때지	1
5340	describing	1
5341	때우	1
5342	ddd	1
5343	기피	1
5344	지망	1
5345	기한	1
5346	지맞	1
5347	지나오	1
5348	dreamers	1
5349	즐거워하	1
5350	180	1
5351	ex	1
5352	또라이	1
5353	기점	1
5354	떼우	1
5355	증간	1
5356	기족	1
5357	훌륭했던거깉습니	1
5358	증발	1
5359	est	1
5361	지갑	1
5362	떨치	1
5363	떨어뜨리	1
5364	epilogue	1
5365	지끈거리	1
5367	지고	1
5368	떠케	1
5369	지구본	1
5370	훈련	1
5371	기침	1
5372	지극	1
5373	떠올르	1
5374	떠올라서	1
5375	떠돌	1
5376	지긋	1
5377	난이	1
5378	기폭제	1
5379	질투	1
5380	징징대	1
5381	후련	1
5382	넘쳐나	1
5383	황홀해진다	1
5384	뒷걸음	1
5385	뒤쳐지	1
5386	참지	1
5387	뒤척이	1
5388	뒤집히	1
5389	창의력	1
5390	창작	1
5391	창정	1
5392	창조	1
5393	20016	1
5394	창피	1
5395	Wow	1
5396	Worth	1
5397	YJ	1
5398	찾아다니	1
5399	찾아들	1
5400	World	1
5401	찾아야겠어	1
5402	Wonderful	1
5403	황혼	1
5404	뒤죽박죽	1
5405	뒤적이	1
5406	뒤엉키	1
5407	2012	1
5408	뒤얽히	1
5409	넘쳐흐르	1
5410	뒤섞이	1
5411	뒷면	1
5412	회고	1
5413	회의	1
5414	낙관	1
5415	회수	1
5416	차용	1
5417	드드	1
5418	aches	1
5419	차인	1
5420	1980	1
5421	차일	1
5422	드뇌브	1
5423	회사	1
5424	차차	1
5425	차체	1
5427	드껴	1
5428	착착	1
5429	Yj	1
5430	착하	1
5431	드굳	1
5432	회복	1
5433	드거	1
5434	회보	1
5435	깜찍	1
5436	찬란히	1
5437	You	1
5438	뒹굴	1
5440	뒷바라지	1
5441	찰지	1
5442	회귀	1
5443	채운	1
5444	채워야하므니	1
5445	채찍질	1
5446	천진	1
5447	넘커	1
5448	활동적	1
5449	Whaaaaeaaaaeaaat	1
5450	천문학	1
5451	천부적	1
5452	두서	1
5453	활동사진이라는	1
5454	두번봐도	1
5455	Well	1
5456	두발	1
5457	두면	1
5458	천지	1
5459	천지인	1
5460	활기	1
5461	뒤떨어지	1
5462	넜너	1
5463	2015	1
5464	천해	1
5465	두르	1
5466	두루두루	1
5467	철저	1
5468	철저히	1
5469	네를	1
5470	환청	1
5471	철학과	1
5472	철학적	1
5473	두들기	1
5474	Web	1
5475	천문	1
5476	천만다행	1
5477	두지	1
5478	천년만년	1
5479	책임감	1
5480	책임지	1
5481	활짝	1
5482	챕터	1
5483	뒤돌	1
5484	챙피	1
5485	처량	1
5486	Why	1
5487	뒤끝	1
5488	처먹	1
5489	처방	1
5490	처분	1
5491	처신	1
5492	Whipflash	1
5493	활약	1
5494	깝닼	1
5496	처지	1
5497	활보	1
5498	처참	1
5499	활발	1
5500	둘러보	1
5502	척도	1
5504	When	1
5505	두통	1
5506	회유	1
5507	차별성	1
5508	너무좋앗어	1
5509	짱짱맨이였다	1
5510	beautiful	1
5511	후다닥	1
5512	듯넘	1
5513	까닭	1
5514	들키	1
5515	들추	1
5516	bbvbn	1
5518	들이밀	1
5519	들이대	1
5520	짱나	1
5521	짱아	1
5522	까를	1
5523	후기대	1
5524	깊에	1
5525	bary	1
5526	째려보	1
5527	1950	1
5528	1970	1
5529	째이	1
5530	bad	1
5531	째쯔연주	1
5533	들어차	1
5535	쩌릿	1
5536	쩍쩍	1
5537	들어올리	1
5538	begin	1
5539	후두둑	1
5540	차마	1
5541	boring	1
5542	디지	1
5543	집어넣	1
5544	김치늰	1
5545	집의	1
5546	디에이	1
5547	bright	1
5548	디시	1
5549	집중력	1
5550	후려갈기	1
5551	디브이디	1
5552	집합	1
5553	집합소	1
5554	집합체	1
5555	짓눌리	1
5556	깊숙	1
5557	짓이기	1
5558	디렉팅	1
5559	너이	1
5561	기여	1
5562	blog	1
5563	bittersweet	1
5564	등지	1
5565	bitter	1
5566	better	1
5567	등장인물	1
5569	깊렀	1
5570	쩔쩔매	1
5571	들어스	1
5572	효과음	1
5573	드엔딩	1
5575	듣기좋	1
5576	든가	1
5577	찌르르	1
5578	찌릿	1
5579	찌릿찌릿	1
5580	찌지	1
5581	another	1
5582	찍고	1
5583	넓히	1
5584	찍히	1
5585	찐득	1
5586	드와	1
5587	드스	1
5589	난데없	1
5590	드립	1
5591	회중	1
5592	찡찡거리	1
5593	all	1
5594	깜빡이	1
5595	again	1
5596	드로	1
5597	드래스	1
5598	after	1
5599	차례	1
5600	차로	1
5601	across	1
5602	찌그러뜨리	1
5603	들러리	1
5604	횡설수설	1
5605	appealing	1
5606	쪄죠	1
5608	까에	1
5609	쪼개	1
5610	들썩들썩	1
5611	들썩	1
5612	쪼르르	1
5613	쪼이	1
5614	쪼큼	1
5615	쫄깃	1
5616	awesome	1
5617	쫑알대	1
5618	audiences	1
5619	쫒지	1
5620	atmos	1
5621	들마	1
5622	쫓아내	1
5623	쫗으	1
5624	쫘악	1
5625	까이	1
5626	쫙쫙	1
5628	쬐금	1
5629	들려주	1
5631	들려	1
5632	횡재	1
5633	four	1
5634	주자	1
5635	내지르	1
5637	on	1
5638	리오	1
5641	리얼리스트	1
5642	낯간지럽	1
5644	리비아	1
5645	금하신	1
5646	리바인	1
5647	리만큼	1
5648	리랑	1
5649	no	1
5650	리듬감	1
5651	절대적	1
5653	급박	1
5654	흩어지	1
5655	점를	1
5656	never	1
5657	점스	1
5658	점원	1
5659	흩날리	1
5660	need	1
5661	점정	1
5663	급속도	1
5665	절레절레	1
5666	절대아	1
5667	름답	1
5668	전채	1
5670	낭패	1
5671	전의	1
5672	금전	1
5673	전자	1
5674	produced	1
5675	전재	1
5676	전쟁	1
5677	전전긍긍	1
5678	전제	1
5679	전주	1
5680	전지	1
5681	전쯤	1
5683	리옵	1
5684	pebbles	1
5685	전초	1
5686	전통	1
5687	party	1
5688	전함	1
5689	립싱크	1
5690	날인	1
5692	전화	1
5693	or	1
5694	전환점	1
5695	ones	1
5697	necessarily	1
5698	를본	1
5699	전용	1
5700	정체	1
5701	루하	1
5702	정양	1
5703	정염	1
5704	내나	1
5705	루지	1
5706	정이	1
5707	긋긋긋	1
5708	루어	1
5709	날림	1
5710	흥겹곷눈길	1
5711	정조준	1
5712	정주	1
5713	정지	1
5714	정체불명	1
5715	정신없이	1
5716	롱테이크씬으	1
5717	정초	1
5718	정치	1
5719	롱테이크씬들	1
5720	롱씬으	1
5721	정현	1
5722	롱런	1
5724	기간	1
5726	most	1
5727	기고	1
5728	monologue	1
5729	정신적	1
5730	movies	1
5731	정교	1
5732	정망	1
5733	정남	1
5734	날씬	1
5735	정내	1
5736	급작스럽	1
5737	naice	1
5738	정렬	1
5739	my	1
5740	정립	1
5741	정마	1
5743	급진적	1
5744	르곘	1
5745	정말재밋엇어	1
5746	정면	1
5747	much	1
5748	정미	1
5749	르겠	1
5750	mugical	1
5751	정복	1
5752	정상	1
5753	정색	1
5754	르겟	1
5755	흥미로웠으	1
5756	정서적	1
5758	정선	1
5759	류려	1
5760	정수	1
5761	전우애	1
5762	희로애락	1
5763	기교가	1
5764	she	1
5765	마코토	1
5766	10000	1
5767	마침표	1
5769	쟈밋	1
5770	남녀노소	1
5771	마침	1
5774	shined	1
5775	저가	1
5776	글래	1
5777	마천	1
5778	저급	1
5781	마지먹엔울었어	1
5782	히터	1
5783	sf	1
5784	저는재밌엇어	1
5785	글래머	1
5786	마지	1
5787	글루	1
5788	히어로	1
5789	1010	1
5790	흰색	1
5791	마일리지	1
5792	seps	1
5793	should	1
5794	siva	1
5795	마이크	1
5796	남도	1
5797	재밋으	1
5798	재밋있다	1
5799	재밋지	1
5800	재밌게	1
5801	남의	1
5802	재밌게봣네	1
5803	재밌게봣어	1
5804	재밌게잘봤엉영상미	1
5805	007	1
5806	재밌었다	1
5807	힘내	1
5808	재밌오	1
5809	재밌을려	1
5810	막론	1
5811	재현	1
5812	재석	1
5813	막대	1
5814	글귀	1
5815	재잘재잘	1
5816	마한	1
5817	마트	1
5818	재지	1
5819	재짔어	1
5820	07	1
5821	재치	1
5822	재탕	1
5823	남치	1
5824	마크	1
5825	마인드	1
5826	마이아	1
5827	전염	1
5828	전략	1
5829	ripples	1
5830	마렵	1
5831	마련	1
5832	희뿌옇	1
5833	마땅히	1
5834	전국	1
5835	전기	1
5836	희비극	1
5837	전념	1
5838	relatable	1
5839	금상첨화	1
5840	realitc	1
5841	마니아	1
5842	전매	1
5843	마료	1
5844	낭만주의	1
5845	낭만주의자	1
5846	real	1
5847	금요일	1
5848	마감	1
5849	re	1
5850	rain	1
5851	날조	1
5852	전성	1
5853	전성기	1
5854	전세계	1
5855	금욜	1
5856	101010	1
5857	rok	1
5858	romantic	1
5859	저번	1
5860	says	1
5861	저울	1
5862	저음	1
5863	마이	1
5864	sep	1
5865	저쩌	1
5866	마음먹	1
5867	희한	1
5868	마을	1
5869	마쓰	1
5870	글자수	1
5871	났어도	1
5872	희안	1
5873	scene	1
5874	마술사	1
5875	sad	1
5876	적령기	1
5877	적린	1
5878	적소	1
5879	마술	1
5880	마쇼	1
5881	마보	1
5882	적어두	1
5883	say	1
5884	saved	1
5885	날파리	1
5886	said	1
5887	saddest	1
5888	마리아	1
5889	money	1
5890	내놓	1
5891	기업	1
5892	내상	1
5893	좋을긋	1
5894	좋이	1
5895	좋코	1
5896	좋타	1
5897	흐흐	1
5899	흐트러지	1
5900	좌르륵	1
5901	좌석	1
5902	here	1
5903	좔좔	1
5904	래욘	1
5905	죄근	1
5906	내손	1
5907	좋으	1
5908	죄송	1
5909	죄책감	1
5911	her	1
5912	죵말	1
5913	heart	1
5914	hear	1
5915	주간	1
5916	흐릿	1
5917	주것	1
5918	have	1
5919	내심	1
5920	grow	1
5921	14	1
5922	좋움	1
5923	래럳	1
5924	랬었더	1
5925	종특때문	1
5926	랸드	1
5927	종합적	1
5929	좇는	1
5930	iIf	1
5931	좋고크	1
5932	좋아죽지	1
5934	https	1
5935	좋아하너	1
5936	좋아할	1
5937	좋암어	1
5938	좋앗고	1
5939	좋운	1
5940	좋앗구	1
5941	좋앗규	1
5942	기본적	1
5943	좋앗습미	1
5944	좋앗으	1
5945	좋앗을것	1
5946	랠랄	1
5947	랜드넘나재밋게봣어	1
5948	좋았네요잘봤오	1
5949	좋았어도	1
5950	좋앙	1
5951	기분좋	1
5952	흑백	1
5953	래야래	1
5954	주기도	1
5956	내지	1
5957	기술자	1
5958	라운재밋어	1
5959	주요	1
5960	라요	1
5961	goodgoodgoodgood	1
5962	주의자	1
5963	기스	1
5964	두들겨맞	1
5965	휼륭하다	1
5966	주저앉	1
5967	future	1
5968	난함	1
5969	내재	1
5970	주지	1
5971	주연쁀	1
5972	휴가	1
5973	라디오	1
5974	주차장	1
5975	주책	1
5976	라더	1
5977	기약	1
5978	주행	1
5979	주혼자	1
5980	frozen	1
5981	기어코	1
5982	죽여주	1
5983	from	1
5984	라네요	1
5985	라이안	1
5986	goodgoodgoodgoodgood	1
5987	래느	1
5988	기사님	1
5989	주되	1
5990	내아	1
5991	주래	1
5992	내안	1
5993	랑멜랑	1
5994	기사	1
5995	람조	1
5996	주류	1
5998	주름	1
5999	랄를	1
6000	주마	1
6001	랄래	1
6002	주머니	1
6003	라이언이	1
6004	란다	1
6005	주목받	1
6006	라지	1
6007	날개	1
6008	라졸	1
6009	내용적	1
6010	주변인	1
6011	주부	1
6012	주선	1
6013	흉내	1
6014	주셈	1
6015	주시	1
6016	주신	1
6017	종착역	1
6018	종잡	1
6019	제거	1
6020	기대어	1
6022	ly	1
6023	조강	1
6024	로렌스	1
6025	로도	1
6026	로구나	1
6027	조력자	1
6028	1111	1
6029	조로	1
6030	조르	1
6031	조리	1
6032	로고	1
6033	looking	1
6034	조바심	1
6035	졌달	1
6036	조선	1
6037	조시	1
6038	11111111	1
6039	like	1
6040	내도	1
6041	내두르	1
6042	흘어나오	1
6044	련기	1
6045	조예	1
6046	기덕	1
6047	흘림	1
6048	려나	1
6049	흡수	1
6050	로마	1
6051	조장	1
6052	로봇	1
6053	제격	1
6054	기구	1
6055	moments	1
6056	mi	1
6058	제멋	1
6059	meet	1
6060	제밌다	1
6061	many	1
6062	제법	1
6063	흡족	1
6064	제복	1
6065	제생	1
6066	제이	1
6067	흡입	1
6068	제인	1
6069	ma	1
6070	제자리	1
6071	로멘틱해	1
6072	제작비	1
6073	제작자	1
6074	제작팀	1
6075	제조사	1
6076	제지	1
6077	로멘틱하지	1
6078	내다보	1
6079	로맨티스	1
6080	기냥	1
6081	려고요	1
6082	123456	1
6083	impressive	1
6084	134963	1
6085	졸앟지	1
6086	졸업	1
6087	기반	1
6088	흔해빠지	1
6089	졸지	1
6090	insanely	1
6092	좀처럼	1
6093	럽라	1
6094	13	1
6095	흔적	1
6097	럽달	1
6098	종강	1
6099	졸았	1
6100	종국	1
6103	종말	1
6104	종목	1
6105	종사	1
6106	런치	1
6107	흔들거리	1
6108	내뱉	1
6109	종아리	1
6110	종양	1
6111	러스트	1
6112	러브러브	1
6113	내밀	1
6114	레게	1
6115	흘려버리	1
6116	let	1
6117	내려오	1
6118	흘러내림	1
6119	렛잇고	1
6120	조정함	1
6121	조제	1
6123	조증	1
6124	조지	1
6125	123456789	1
6126	렉스	1
6127	레퍼토리	1
6128	조하	1
6129	레트	1
6130	조화로웠다	1
6131	기막히	1
6132	조화로웠어	1
6134	레지던트	1
6135	내려쬐	1
6136	lalalalala	1
6137	존나슬퍼	1
6138	레이놀즈	1
6139	레스트	1
6140	레스	1
6141	레비	1
6142	졸도	1
6143	128	1
6144	졸럈어	1
6145	첫겨울	1
6146	체계적	1
6147	첫마디	1
6148	풀어놓	1
6149	폭풍욕재밋다	1
6150	현실이	1
6152	Hope	1
6153	폰트	1
6154	농단	1
6157	Holy	1
6158	표가	1
6160	표절	1
6161	단역	1
6162	표지	1
6163	끈기	1
6164	Hj	1
6165	단숨에	1
6166	표현법	1
6167	Here	1
6168	푸근	1
6169	끈적	1
6170	푸른빛	1
6171	Happily	1
6172	푹푹	1
6173	농도	1
6174	현상	1
6176	단색	1
6177	단백	1
6178	단하	1
6179	단호박	1
6180	폭발적	1
6181	현장	1
6182	폐기	1
6183	현저히	1
6184	폐점	1
6185	폐해	1
6186	75	1
6187	끄덕끄덕	1
6188	In	1
6189	포니	1
6190	포럼	1
6191	포로	1
6192	포만감	1
6193	포맷	1
6194	포스	1
6195	달력	1
6196	끅끅	1
6197	IOI	1
6198	달려나가	1
6199	끄집	1
6200	현자	1
6201	포지션	1
6202	현악기	1
6203	나섹	1
6204	끄집어내	1
6205	포토	1
6206	달되	1
6207	끄트머리	1
6208	폭력	1
6209	77	1
6210	나뿌	1
6211	풀어쓰	1
6212	피터	1
6213	단면	1
6214	Goodgoodgood	1
6215	Goodgooddgoood	1
6216	다인	1
6217	플러스	1
6218	GoodGoodGood	1
6219	다이어리	1
6220	플렉스	1
6221	다이렉트	1
6223	픠픠픺	1
6224	GoGo	1
6225	다이내믹	1
6226	Give	1
6227	다이나믹	1
6228	피나	1
6229	놓을	1
6230	다음번	1
6231	끊킨다	1
6232	다운로드	1
6233	피식	1
6234	다우	1
6235	GOOD	1
6236	89	1
6237	혁신	1
6238	피어오르	1
6239	피우	1
6241	나비	1
6242	피의	1
6243	플래닛	1
6244	플래	1
6245	다임	1
6246	풍요	1
6247	단련	1
6248	Gooood	1
6249	현대화	1
6250	현대판	1
6251	품고	1
6252	단골	1
6254	높으	1
6255	다행히	1
6256	Gooodssd	1
6257	풍덩	1
6258	Goood	1
6259	다툼	1
6260	풍요로웠네	1
6261	현대물	1
6262	풍의	1
6263	풍풍	1
6264	나빠지	1
6265	다크나이트	1
6266	프라이	1
6267	프라임	1
6268	놓아두	1
6269	다치	1
6270	프레임	1
6271	현대미	1
6272	프로스트	1
6273	다재	1
6274	프리미엄	1
6275	현제	1
6277	평행	1
6278	달수	1
6279	파이널	1
6280	대다수	1
6281	파이프	1
6282	파트	1
6283	대놓	1
6284	파편	1
6285	대기	1
6286	대금	1
6287	Made	1
6288	판다	1
6289	형편	1
6290	논리적	1
6291	MOVIE	1
6292	판별	1
6293	논의	1
6294	대감	1
6296	Ls	1
6297	팔걸이	1
6298	닿앗으	1
6299	팜플렛	1
6300	꿀떡	1
6301	팝업	1
6302	Lovely	1
6304	패드	1
6305	패딩	1
6306	패러디	1
6308	파이	1
6309	꾼들	1
6310	파스텔톤	1
6311	파가	1
6312	Must	1
6313	대본	1
6314	티끌	1
6315	티나	1
6316	대별	1
6317	호감	1
6318	티스	1
6319	대배우	1
6320	대반	1
6321	틱하	1
6322	대목	1
6323	호가	1
6324	More	1
6325	파격	1
6326	파스텔	1
6327	파고	1
6328	64	1
6330	대략적	1
6331	Magically	1
6332	파도치	1
6333	파뜩	1
6334	대략	1
6335	파릇파릇	1
6337	파묻히	1
6338	논리	1
6339	파스	1
6340	당황스어웠지	1
6341	팩트	1
6342	꿀맛	1
6343	달콤쌉싸름이라	1
6344	LAnd	1
6345	혔노	1
6346	LALALALALA	1
6348	폄하	1
6349	LABLUES	1
6350	닮음	1
6352	협만	1
6353	혐오증	1
6354	달하	1
6355	달콤쌉싸름하	1
6356	혐오	1
6357	달콤쌉사름하	1
6358	편지	1
6359	평보	1
6360	JK	1
6361	JAZZ	1
6362	평안	1
6364	평온	1
6365	현혹	1
6366	현해냈	1
6367	끄덕거리	1
6368	달아오르	1
6369	평작	1
6370	달아보	1
6371	평정	1
6373	담담히	1
6374	퍼니	1
6375	꿈나라	1
6376	퍼레이드	1
6377	나와	1
6378	퍼팩트	1
6380	당최	1
6382	펀치	1
6383	당일	1
6384	꿇리	1
6385	당시	1
6386	당분	1
6387	페북	1
6388	당그	1
6389	놀람	1
6390	LaLa	1
6392	펙트	1
6393	펭귄	1
6394	답하	1
6395	펴지	1
6396	Let	1
6397	71	1
6398	꿈뻑꿈	1
6399	꿈틀	1
6400	편린	1
6401	편식	1
6402	꿈틀거리	1
6403	꿈틀꿈틀	1
6404	피자	1
6405	피터팬	1
6406	My	1
6407	해어지	1
6408	허호	1
6409	함축적	1
6410	눈깜빡하	1
6411	느닷없이	1
6412	합격	1
6413	합니	1
6414	느닷없	1
6415	합성	1
6416	합의	1
6417	느니만	1
6418	느느	1
6419	허허	1
6420	항마	1
6421	항사	1
6422	Best	1
6426	Begin	1
6427	느낌도	1
6428	Beautifully	1
6429	해당	1
6430	해래	1
6431	나두	1
6432	해맑	1
6433	Beautiful	1
6434	느꼈따	1
6435	Bb	1
6436	느꼇어	1
6437	함축	1
6438	눈길	1
6439	나날이	1
6440	헌신적	1
6441	한정적	1
6442	헐리우드	1
6443	한지	1
6444	낄낄	1
6445	헐떡	1
6446	나가버린	1
6447	한탄	1
6448	Again	1
6449	나가시	1
6450	한테서	1
6451	But	1
6452	Brazil	1
6453	누리	1
6454	헌신	1
6455	느래	1
6456	할끄	1
6457	할랍니	1
6458	누이	1
6459	는군요	1
6460	Bollywood	1
6461	할머니	1
6462	할인	1
6463	Blues	1
6464	Bittersweet	1
6465	함미	1
6466	나날	1
6467	함부로	1
6468	느야	1
6469	해야	1
6470	해영	1
6471	피트	1
6472	느꼇	1
6473	Audition	1
6474	눈치보	1
6475	허전	1
6476	행위	1
6477	허우적대	1
6478	눈웃음	1
6480	허우적	1
6482	눈요기	1
6483	눈여기	1
6484	향기로워	1
6485	눈여겨보	1
6486	Another	1
6487	향취	1
6488	눈에	1
6490	눈알	1
6491	Amazing	1
6492	허공	1
6493	눈시울	1
6494	허다	1
6495	허름	1
6496	허리	1
6497	All	1
6498	눈부심	1
6499	눈물겹	1
6500	허섭	1
6501	눈맞춤	1
6502	행보	1
6504	행간	1
6506	나들이	1
6507	해의	1
6508	느긋	1
6509	Bass	1
6510	해진	1
6511	Bar	1
6512	느거	1
6513	해피엔드	1
6514	BGM	1
6515	허탈감	1
6516	BD	1
6517	핵심	1
6519	햄보캐	1
6520	눈코	1
6521	BAD	1
6522	햇갈리	1
6523	햇딘	1
6524	눙므	1
6525	햇살	1
6526	햇엇습니	1
6527	했노	1
6528	했답	1
6529	했더라면으	1
6530	했름	1
6532	했엇네	1
6533	했었	1
6534	누르자	1
6535	한정	1
6536	한적	1
6537	늘씬	1
6538	하늘거리	1
6539	하니	1
6540	EDM	1
6541	하단	1
6542	다름아니	1
6543	하대	1
6544	끓어넘치	1
6545	끝가	1
6546	다독이	1
6547	다독거리	1
6548	Dvd	1
6549	하루하루	1
6550	하룻	1
6551	나바	1
6552	99	1
6553	하마	1
6554	Dreams	1
6555	Dream	1
6556	다담	1
6557	헤어나	1
6558	하믄	1
6559	다단	1
6560	다니엘	1
6561	다니까	1
6562	하소	1
6563	끝가지	1
6564	헤아리	1
6565	헤비	1
6566	헤메	1
6567	End	1
6568	헤치	1
6569	하느	1
6570	다보	1
6571	피폐	1
6573	다시없	1
6574	다시봐야겠어	1
6575	다시노	1
6576	끌어내리	1
6577	필드	1
6579	For	1
6580	Fire	1
6581	끌어모으	1
6582	필히	1
6583	다분	1
6584	핑계	1
6585	Engagement	1
6587	뇌가	1
6588	하것	1
6589	다못	1
6590	하고자	1
6591	다면서	1
6592	끌어올리	1
6593	Everyone	1
6594	하기는	1
6595	하기에	1
6596	Epilogue	1
6598	하나쯤	1
6599	하여금	1
6600	다네	1
6601	하은	1
6602	늦추	1
6603	니야	1
6604	한글	1
6605	니드	1
6606	한대	1
6607	CITY	1
6608	CITH	1
6609	니깐요	1
6610	CGV	1
6614	헛웃음	1
6615	한물	1
6616	끼어들	1
6617	한국식	1
6618	CF	1
6619	한복판	1
6620	한사람	1
6621	한수	1
6622	능하	1
6623	헛소리	1
6624	능란	1
6625	능가	1
6627	늘어나	1
6628	한올	1
6629	한인	1
6630	한자리	1
6632	Cool	1
6633	하의	1
6634	헤드폰	1
6635	다나	1
6636	다그치	1
6637	하이웨이	1
6638	끝맺어질지	1
6639	다구요	1
6640	헤매이	1
6641	Definitely	1
6642	끝맺음	1
6643	Damien	1
6644	다같이	1
6645	헤리	1
6646	하향	1
6647	헤래	1
6649	니요	1
6650	헤드윅	1
6651	DC	1
6652	학생증	1
6653	학예회	1
6656	한가	1
6657	Adorable	1
6659	한겨울	1
6660	한결같	1
6661	한결같이	1
6662	니퍼	1
6663	틈바구니	1
6664	NASA	1
6665	네버	1
6666	돈아	1
6667	돌연히	1
6668	취저에	1
6669	취준생	1
6670	취직	1
6671	Such	1
6672	화이팅입니	1
6673	화의	1
6674	돌보	1
6675	돌변	1
6677	츛더크	1
6678	돌림	1
6679	츠네오	1
6680	돌려주	1
6683	껄껄	1
6684	치기	1
6685	노가다	1
6686	껄끄럽	1
6687	치료제	1
6688	치밀	1
6689	돋보	1
6690	화였	1
6691	치서	1
6692	돋느	1
6693	돋개	1
6694	치유됬어	1
6695	치의	1
6696	돌이	1
6697	화장	1
6698	돌이켜보	1
6699	THE	1
6700	출발점	1
6701	출세	1
6702	동전	1
6703	확고	1
6704	동원하	1
6705	나자빠지	1
6706	출중	1
6707	출현	1
6708	깨트리	1
6710	화합	1
6711	동서양	1
6712	동도	1
6713	충격받	1
6714	취로	1
6715	동그랗	1
6716	충과	1
6717	충돌	1
6718	동경	1
6719	화폭	1
6720	TE	1
6722	화판	1
6723	돌파	1
6724	돌입	1
6725	화지	1
6726	Summer	1
6727	취급	1
6728	화보	1
6729	돈만	1
6730	꼬박꼬박	1
6731	치즈	1
6732	캐붕	1
6733	독감	1
6734	캐치	1
6736	도핑	1
6737	캡틴	1
6738	도태	1
6739	캬캬	1
6740	캬캬컈	1
6741	캬캬쿄쿄	1
6742	Singing	1
6743	커다랗	1
6744	커랑	1
6745	커리어	1
6746	She	1
6747	커서	1
6748	노골적	1
6749	커트	1
6750	커튼	1
6751	Sf	1
6752	도지	1
6755	노녀	1
6756	컨텐츠	1
6757	노란색	1
6758	도전장	1
6759	컳큻	1
6760	화라며	1
6761	독립	1
6762	3000	1
6763	Some	1
6764	칭하	1
6765	Splendid	1
6766	Sosososososososososo	1
6767	친절	1
6768	친절히	1
6769	Soso	1
6770	침공	1
6771	돈독	1
6772	침묵	1
6773	침은	1
6776	칭송	1
6777	돈다발	1
6778	께서	1
6779	캐릭	1
6780	카레	1
6781	Sooo	1
6782	화법	1
6783	카메오로	1
6784	카이	1
6785	카카오	1
6786	카타르시스	1
6787	카테고리	1
6788	Someone	1
6791	근본	1
6792	독주	1
6793	출발	1
6794	출근길	1
6795	동조	1
6796	확률	1
6797	초등학교	1
6799	초딩스토리	1
6800	될둡	1
6801	된통	1
6802	VIP	1
6803	초속	1
6804	되풀이	1
6805	초의	1
6806	초입	1
6807	초장	1
6808	되찾	1
6809	2030	1
6810	환불	1
6811	초창기	1
6812	되질	1
6813	되지르	1
6814	되엇	1
6815	되야지	1
6816	네이트	1
6817	초현실	1
6818	환갑	1
6819	되살리	1
6822	되살	1
6823	나짱	1
6824	Try	1
6825	촌시럽	1
6826	나침반	1
6827	네욤	1
6828	초년생	1
6829	체감	1
6830	첫째	1
6832	Waste	1
6833	WOW	1
6834	청량감	1
6835	청문회	1
6836	WHEN	1
6837	청승	1
6838	청자	1
6839	Very	1
6840	환장	1
6841	청해	1
6842	두근대	1
6843	허용	1
6844	초기	1
6845	체념	1
6846	체능	1
6847	체증	1
6848	체질	1
6849	체크	1
6851	깨닳	1
6852	깨뜨리	1
6853	쳐맞	1
6854	깨물	1
6856	환자	1
6857	초강력	1
6858	되묻	1
6859	되리	1
6860	되려	1
6861	동화같앗어	1
6864	확연	1
6865	돼지	1
6866	There	1
6867	That	1
6868	추격	1
6869	추고	1
6870	깨준	1
6871	추대	1
6872	추락사	1
6873	추리	1
6874	추모	1
6875	추야	1
6876	최하	1
6877	Thanks	1
6878	29	1
6879	Take	1
6880	나재밌	1
6881	추천할	1
6882	추첞해	1
6883	추측	1
6884	축구	1
6885	동쪽	1
6886	축축	1
6887	동지	1
6888	춘몽	1
6889	출구	1
6890	최후	1
6891	깨졋지	1
6892	총괄	1
6893	Ticket	1
6894	확장	1
6895	총망라	1
6896	총집합	1
6897	총체적	1
6898	총총	1
6899	깨우치	1
6901	되돌아가	1
6902	Trumpet	1
6903	Trombone	1
6904	되도록	1
6905	To	1
6906	최고점	1
6907	최단	1
6908	최종	1
6909	220885759816	1
6910	최대	1
6911	최대치	1
6912	되기	1
6913	깨졋어요개인차	1
6914	Thinking	1
6915	최소	1
6916	되감	1
6917	최신	1
6918	Think	1
6919	최저	1
6920	최적	1
6921	최적화	1
6922	꼬라지	1
6923	화딱지	1
6924	틀림	1
6925	톰슨	1
6927	꾸꿀	1
6928	호중	1
6929	테리	1
6930	Once	1
6931	테마송	1
6932	테스트	1
6933	테어	1
6934	Ohgooodddd	1
6935	테일즈	1
6936	테크닉	1
6937	호접지몽	1
6938	텍스	1
6939	텐션	1
6944	꾸르잼이에	1
6946	토니오	1
6947	토닥이	1
6948	토닥토닥	1
6949	토론토	1
6950	토리	1
6951	댄싱	1
6952	토욜	1
6953	토하	1
6954	호재	1
6956	나왓어	1
6957	털리	1
6958	나용	1
6959	태농	1
6960	더블	1
6961	태생	1
6962	꽉꽉	1
6963	태양빛	1
6964	Please	1
6965	태우	1
6966	혹독	1
6967	택일	1
6968	더리	1
6969	탠스	1
6970	탤런트	1
6971	Piano	1
6974	PARIS	1
6975	더러운	1
6976	터벅	1
6977	41	1
6978	One	1
6979	더듬이	1
6980	호화	1
6981	호호	1
6982	터프	1
6983	녹록	1
6984	더냐	1
6985	녹아내리	1
6987	톤이다	1
6988	꾸미기	1
6989	컸슴	1
6990	호자	1
6991	트라	1
6992	대의	1
6993	트랙스	1
6994	트랜드	1
6995	트레이드	1
6996	트렌드	1
6997	트루먼	1
6998	호되	1
6999	트루엔딩	1
7000	트와이스	1
7001	트의	1
7002	대위법	1
7003	트임	1
7005	특급	1
7006	No	1
7007	녹음	1
7008	대오	1
7009	호구	1
7010	New	1
7011	대식	1
7012	특정	1
7013	대성통곡	1
7014	특출나	1
7015	NO	1
7016	녹화	1
7017	꾸욱	1
7018	호감도	1
7019	대부	1
7020	트걷	1
7021	Not	1
7023	투어	1
7024	통속극	1
7025	통속적	1
7026	대학로	1
7027	통째	1
7028	호인	1
7029	꾸밈없	1
7030	대표적	1
7031	통해	1
7032	퇴근길	1
7033	퇴보	1
7034	퇴치	1
7035	대표작	1
7036	호응	1
7037	대주	1
7038	호들갑	1
7039	투우	1
7040	대접받	1
7042	호연	1
7043	대장	1
7046	호소력	1
7047	5555	1
7048	퉁퉁	1
7050	호로	1
7051	튀어나가	1
7052	태국	1
7053	더빙	1
7054	Prime	1
7055	꽃피우	1
7056	도르	1
7057	꼬옥	1
7058	꼬집	1
7059	31949502	1
7060	쿠크쿠크	1
7061	쿠키	1
7062	홍수	1
7063	노래굳	1
7064	노래굿	1
7065	도굳	1
7066	도구	1
7067	도감	1
7068	노래말	1
7069	쿵쾅거리	1
7070	도가니탕	1
7071	홀랑	1
7072	노래춤	1
7073	퀸스	1
7074	꼭지	1
7075	노래하는	1
7076	크기	1
7078	크레	1
7079	STARS	1
7080	크로스	1
7082	STAR	1
7084	데해	1
7085	노래가넘좋네	1
7086	도면	1
7087	콤비	1
7088	도와	1
7090	화두	1
7091	케리	1
7092	도이	1
7093	케바	1
7094	케어	1
7095	케이슨	1
7096	도의	1
7097	노랗	1
7098	나이다	1
7100	켜지	1
7101	켜켜이	1
7102	Sebs	1
7103	도모	1
7104	도아	1
7105	코드	1
7106	도심	1
7107	코멧	1
7108	도식	1
7109	코믹	1
7110	꼬슬	1
7111	코앞	1
7112	도배	1
7113	화같	1
7115	도미	1
7116	도무지	1
7117	크으으으	1
7118	혼탁	1
7119	크한	1
7120	노트	1
7121	덧없	1
7122	덧씌우	1
7123	타워	1
7124	Regards	1
7125	타이트	1
7126	덧나	1
7127	노예	1
7128	39	1
7129	Really	1
7130	노오올	1
7131	Realistic	1
7132	타협점	1
7133	노좸	1
7134	꼼꼼히	1
7135	타격	1
7136	던바	1
7138	나원참	1
7140	Pure	1
7141	더하기	1
7142	꽃밭	1
7143	탈거	1
7144	더좋앗어	1
7145	더이다	1
7146	탈퇴	1
7147	탈함	1
7148	더욱이	1
7149	타기	1
7150	타가	1
7152	혼자봣는데	1
7153	큭큭	1
7154	큰소리	1
7155	큰일	1
7156	데스	1
7157	클라	1
7158	클라이맥스	1
7159	노랫소리	1
7160	클래	1
7161	SK	1
7162	데뷔작	1
7163	클로버	1
7164	클로스	1
7165	클로즈업	1
7166	데뷔	1
7167	혼미	1
7168	클릭	1
7169	클쓰	1
7170	SEBS	1
7171	나유	1
7172	데려오	1
7173	노리	1
7174	데가	1
7175	키스하는	1
7176	꼴리	1
7177	키이스	1
7179	노무	1
7180	덮어놓	1
7181	생겨나	1
7182	맘찢	1
7183	만과	1
7184	광구	1
7185	아이언	1
7186	아이스크림	1
7187	아이멕스	1
7188	부대	1
7189	부디	1
7190	부디치	1
7191	부러워하	1
7192	아이템	1
7193	검은색	1
7194	광교아웃렛	1
7195	부류	1
7196	아야지요	1
7197	검증	1
7198	겁나	1
7199	아이콘	1
7200	아재	1
7201	봤엉	1
7202	아파지	1
7203	봤엔	1
7204	아함	1
7205	봤오	1
7206	걸어다니	1
7207	아푸	1
7208	아파하	1
7209	봤요	1
7210	아조	1
7211	봤으	1
7212	걸인	1
7213	아진	1
7216	광명	1
7217	아씨	1
7218	아슀웠어	1
7219	아쉽아쉽했어	1
7220	아릅다웠지	1
7222	겉멋	1
7223	아림	1
7224	부스럭	1
7225	아리송	1
7226	겉보기	1
7227	부시럭	1
7228	아쉽가	1
7229	부식	1
7230	부실	1
7231	부양	1
7232	아르	1
7233	아뤄지지못햒지	1
7234	아련히	1
7235	부서	1
7236	아몬드	1
7237	것들이꿈	1
7238	관찰	1
7239	아무렇	1
7240	부모	1
7241	아물	1
7242	아미	1
7243	아바	1
7244	아버지	1
7245	부름	1
7246	것같고	1
7247	아서요	1
7248	겁쟁이	1
7249	부르짖	1
7250	아쉬웟어	1
7251	겁먹	1
7252	악과	1
7253	악녀	1
7254	볼수있엇습니	1
7255	광주	1
7256	않앗	1
7257	봉착	1
7258	건만	1
7259	앉히	1
7260	봉하	1
7261	봐야겠네	1
7262	안타	1
7263	않으	1
7264	안치	1
7265	안채	1
7266	안착	1
7267	안지	1
7268	안주	1
7269	안조	1
7270	봉사	1
7271	건들	1
7272	봤씁니	1
7273	알사탕	1
7275	알콜	1
7276	볼품없	1
7277	괜찮앗	1
7278	알아차리	1
7279	알싸	1
7280	봅니	1
7281	알게됬어	1
7282	알맹이	1
7283	알맞	1
7285	알록달록	1
7286	봉변	1
7287	알레고리	1
7288	안정적	1
7289	안정	1
7290	안절부절못하	1
7291	봣지	1
7292	안도감	1
7293	봣다	1
7294	안달	1
7295	봣아	1
7296	안경	1
7297	안간힘	1
7298	봤느	1
7299	안일	1
7300	봤드	1
7301	악착같이	1
7302	악의	1
7303	악악	1
7304	악물	1
7305	악몽	1
7306	걸르	1
7307	안되늗부분	1
7308	봣네	1
7309	안됫지	1
7310	안됬었나	1
7311	안됬지	1
7312	안드로메다	1
7313	안목	1
7314	봣구	1
7315	안방	1
7316	건축	1
7317	광인	1
7318	안볼려다	1
7319	안식처	1
7320	봒숮	1
7321	안양	1
7322	안에	1
7323	게인	1
7325	아랑	1
7326	싹트	1
7327	쌉싸름하면	1
7328	불쑥불쑥	1
7329	쌉싸래	1
7330	불씨	1
7331	쌈빡	1
7332	싼값	1
7333	불안감	1
7334	쌉쌀름함	1
7335	싸이코	1
7336	싸이	1
7337	싸움	1
7338	불안전	1
7339	불안해하	1
7340	불어넣	1
7341	관람객흐엏흫꼭보세	1
7342	불분명	1
7343	부유	1
7344	관람료	1
7345	썻다	1
7347	썸남썸녀	1
7348	불급	1
7349	썪여	1
7350	써먹	1
7352	불법	1
7353	불만족	1
7354	쌩뚱맞지	1
7355	불멸	1
7358	쌓이	1
7359	불어오	1
7360	싶으	1
7361	싶움	1
7362	불협하	1
7363	심혼	1
7364	결정짓	1
7365	관람객페북	1
7366	불현듯	1
7367	심적	1
7368	결정체	1
7370	싶운	1
7371	심상찮	1
7372	심사	1
7373	붙어먹	1
7374	붙이기	1
7375	관람객쨘해	1
7376	뷔페	1
7377	심히	1
7378	불타	1
7379	십대	1
7380	불친절하	1
7381	십정동	1
7382	싯었	1
7383	불지르	1
7384	불이	1
7385	싱그럽	1
7386	싱긋싱긋	1
7387	불완전	1
7388	싱크	1
7389	싶딩	1
7390	싶엇	1
7391	싶었	1
7392	싶었는데잘됬네	1
7393	싶엉	1
7394	관랑했어	1
7395	쎕스	1
7396	관련	1
7397	부트	1
7398	부천	1
7399	씻기	1
7401	씹노	1
7402	부탁	1
7403	씩씩	1
7404	씨티	1
7405	씁슬하면서	1
7406	부표	1
7407	씨디	1
7408	부하	1
7409	부흥기	1
7410	격렬히	1
7411	씁쓰레	1
7412	부처	1
7413	아가씨	1
7414	아개짱낰댓글알바	1
7415	아기	1
7416	겨우겨우	1
7417	아까웟던영화에	1
7418	부진	1
7419	아나	1
7420	아날로그	1
7421	겠엉	1
7422	부재	1
7423	겠어	1
7424	아니얐지	1
7425	아니타	1
7426	겟다	1
7427	부의	1
7428	아듥	1
7429	씁슬합니	1
7430	격정적	1
7431	관료	1
7432	분홍빛	1
7433	분열	1
7434	쑤너	1
7435	관서	1
7436	분의	1
7437	분하	1
7438	쏟앗	1
7439	견주	1
7440	분경	1
7442	붇돋	1
7443	쏘쏘였어	1
7444	견지	1
7445	쏘름	1
7446	쏘굳	1
7447	쒸리옵	1
7448	분배	1
7449	쓰기	1
7450	분모	1
7451	관심사	1
7452	쓰래기	1
7453	쓰러지	1
7454	격지	1
7455	쓰렉	1
7456	쓰렉하지	1
7457	분륜	1
7458	쓰우	1
7459	분류	1
7460	쓴맛	1
7461	분량	1
7463	분과	1
7464	볼일	1
7465	암모니아	1
7467	어쩧	1
7468	변태	1
7469	어창	1
7470	어차피	1
7471	어찌하	1
7472	걘적으로아주세련되	1
7473	어쭙잖	1
7474	구개	1
7475	어택	1
7476	구간	1
7477	거가	1
7478	별게	1
7479	별과	1
7480	별기	1
7481	별나낌	1
7482	어캐보	1
7483	변신	1
7484	언의	1
7485	언급	1
7487	언론	1
7488	언뜻언뜻	1
7489	언뜻	1
7490	변경	1
7491	언니	1
7492	언고스링	1
7493	억누르	1
7494	변두리	1
7495	갸웃갸웃	1
7497	억장	1
7498	변변	1
7499	억불	1
7500	어지럼증	1
7501	별로래	1
7502	어줍잖	1
7503	어버버했으	1
7504	어수	1
7505	보가	1
7506	어서요	1
7507	보건	1
7508	보겟	1
7509	어불성설	1
7510	어머님	1
7511	거꾸로	1
7512	보고서	1
7513	어만	1
7514	어마하	1
7515	보고싶은	1
7516	어린애	1
7517	어린아이	1
7518	거두절미	1
7519	교차로	1
7520	어야지만	1
7521	어야지요	1
7522	병원	1
7523	어영부영	1
7524	별점	1
7525	별재	1
7526	어우려지	1
7527	별의별	1
7528	별생각	1
7529	별명	1
7530	교통	1
7531	거늘	1
7532	별로엿으	1
7533	어재	1
7534	어전	1
7535	벽돌	1
7536	갸씹	1
7537	암시	1
7538	엇엉	1
7540	벌떡	1
7541	엉귝	1
7542	벌쓰	1
7543	었슴	1
7544	엇지	1
7545	엇던	1
7546	번쩍거리	1
7547	엇는	1
7548	엇겟죠	1
7549	벌이	1
7550	범위	1
7551	개폐	1
7552	없으	1
7553	엉망진창	1
7554	엉화네	1
7555	구기	1
7556	번은	1
7557	번갈	1
7558	에세이	1
7559	번만	1
7560	에쁘	1
7561	에러	1
7562	번민	1
7563	번의	1
7564	엉휴	1
7565	에구	1
7566	에겟	1
7567	에게서	1
7568	개재	1
7569	개주	1
7570	엎드리	1
7571	없움	1
7572	없엉	1
7573	없었습	1
7574	얼르	1
7575	얼탱	1
7576	얼얼	1
7577	얼만큼	1
7578	얼마든지	1
7579	객요	1
7581	얼떨떨	1
7582	개해	1
7583	객크	1
7584	베드	1
7585	얻을려	1
7586	베토벤	1
7587	벤치	1
7589	얼핏	1
7590	벙벙	1
7592	엄지발가락	1
7593	구려	1
7594	법석	1
7595	엄청시리	1
7596	엄청재밋엇고	1
7597	구로	1
7598	없노	1
7600	없떵	1
7601	없습	1
7602	없아	1
7603	없애준	1
7604	없어야겠네	1
7605	범작	1
7606	어리둥절	1
7607	보고왓네	1
7608	거듭	1
7609	거제	1
7610	애플	1
7611	거이	1
7612	보헤미안	1
7613	애처	1
7614	복주	1
7615	복합	1
7616	거치	1
7617	애환	1
7618	애이	1
7619	볶음	1
7620	본거지	1
7621	애수	1
7622	본격	1
7623	본격화	1
7624	애호가	1
7625	보편적	1
7626	어루만지	1
7627	보이네요	1
7628	괴물	1
7630	보여주는	1
7632	보요	1
7633	보이고	1
7634	앤딩이어	1
7635	보태	1
7636	앤딩이라고	1
7637	앤딩과	1
7638	거울	1
7639	액션물	1
7640	거위	1
7641	액세서리	1
7642	애린	1
7643	본과	1
7644	애도	1
7645	볼려	1
7646	거하	1
7647	괜찴았어	1
7648	볼꾸에	1
7649	았어도	1
7650	았숩	1
7651	았더	1
7652	건내주	1
7653	본능	1
7654	볼려고	1
7655	건너	1
7656	볼려구	1
7657	볼려해	1
7658	괜찮앗는데	1
7659	볼만햇네	1
7660	앞길	1
7661	괜춘네	1
7662	앞도	1
7663	괜춘하	1
7664	본전	1
7665	앞뒷면	1
7666	앞머리	1
7667	괴로워	1
7668	앞사람	1
7669	본의	1
7670	앞서가	1
7671	앞일	1
7672	앞쪽	1
7673	본분	1
7674	애가	1
7675	본래	1
7676	애니매이션	1
7677	보여야겟다	1
7678	야가	1
7679	야간	1
7680	어거	1
7681	보는거같앗어	1
7682	거르	1
7683	거름	1
7684	보도	1
7685	어고	1
7686	거림	1
7687	거만	1
7688	양화	1
7691	얘들	1
7692	거미	1
7693	보랑	1
7695	거려	1
7696	어디션	1
7697	보내기	1
7698	어딘가	1
7699	교수님	1
7700	어땟을까	1
7701	거란	1
7702	보기좋	1
7703	거라며	1
7704	거뜬	1
7705	교실	1
7706	보급	1
7707	보군	1
7708	어러웟지	1
7709	어렴풋	1
7710	거듭나	1
7711	어로	1
7713	양허	1
7714	야경	1
7715	야외	1
7716	보십	1
7717	보앗	1
7718	보았습니	1
7719	야하	1
7720	거부감	1
7721	야죠	1
7722	야무지	1
7723	양키	1
7724	보여	1
7725	야만	1
7726	남발	1
7727	야도	1
7728	야단맞	1
7729	야기	1
7730	보수적	1
7731	보소	1
7733	얄밉	1
7734	얄팍	1
7737	보셈	1
7740	양념	1
7741	보석함	1
7742	양반	1
7743	보석	1
7744	양산	1
7745	보리	1
7746	양심적	1
7747	브라더스	1
7748	겸비	1
7749	근간	1
7750	사야	1
7751	사아	1
7752	고전미	1
7753	소모	1
7754	소명	1
7755	소망	1
7756	소린지	1
7757	사어	1
7758	사십	1
7759	고정	1
7760	고정관념	1
7761	소나기	1
7762	소나	1
7763	소견	1
7764	사운	1
7765	소비	1
7766	소설책	1
7767	소재지	1
7768	사서	1
7769	소장품	1
7770	고저	1
7771	사뭇	1
7772	소우	1
7773	소용없	1
7774	사상	1
7775	소외층	1
7776	고전물	1
7777	소심	1
7778	사소	1
7779	사실상	1
7780	사실성	1
7781	소스	1
7782	소속	1
7783	소개	1
7784	소감	1
7785	고조	1
7786	세팅	1
7787	사첼리	1
7788	사춘기	1
7789	사투	1
7791	세한	1
7792	사하	1
7793	사회적	1
7794	솁스	1
7796	세정	1
7797	세이	1
7798	고지	1
7799	세우	1
7800	세용	1
7801	센느	1
7802	센트	1
7803	사직서	1
7804	셀브르	1
7805	고증	1
7806	셉션	1
7807	고졸	1
7808	셉스에서	1
7809	셉으	1
7810	사점	1
7811	셉의	1
7812	사일	1
7813	셉한	1
7815	사이드	1
7816	사이다	1
7817	과일	1
7818	사모님	1
7819	소절	1
7820	수업	1
7821	관대	1
7822	고슬린	1
7823	고싶	1
7825	쇼크	1
7826	사고	1
7827	솟으앙	1
7828	사그라들	1
7829	수구	1
7830	사기치	1
7831	솔찍	1
7832	솔질	1
7833	고안	1
7834	사라	1
7835	솔솔	1
7836	사건	1
7837	수굿	1
7838	사먹	1
7839	쁨대	1
7840	뿍빠져	1
7841	관람객굳굳굳구	1
7843	뿜뿜	1
7844	수범	1
7845	수미	1
7846	수만	1
7847	수긍	1
7848	삐끗	1
7849	삐지	1
7850	관두	1
7851	사가	1
7852	수능	1
7853	사간	1
7854	솔로인	1
7855	사라이	1
7856	고위	1
7857	소화제	1
7858	속삭이	1
7859	속박	1
7860	속뜻	1
7861	속되	1
7862	사로잡앗네	1
7863	소희	1
7864	사르르	1
7865	관념	1
7866	소홀히	1
7867	소한	1
7868	소파	1
7869	소진	1
7870	소중히	1
7871	고장나	1
7872	속세	1
7873	속음	1
7874	속의	1
7875	사랑해야겠다	1
7876	관가	1
7877	사랑받	1
7878	관건	1
7879	관계없이	1
7880	손꼽	1
7881	관광	1
7882	손끝	1
7883	손님	1
7884	손발	1
7885	사란	1
7886	손색없	1
7887	고자기	1
7888	손짓	1
7889	과의	1
7890	세손	1
7891	세속적	1
7892	공들	1
7893	서울	1
7894	서운	1
7895	서양인	1
7896	새뀌	1
7897	새끼손가락	1
7898	서서	1
7899	새드앤딩이였지	1
7900	서의	1
7901	새드엔딩	1
7902	새바람	1
7903	서론	1
7904	새침	1
7905	서두르	1
7906	서두	1
7907	서유기	1
7908	공중	1
7909	세세	1
7910	선동	1
7911	상업성	1
7912	선분	1
7913	상업화	1
7914	선배	1
7915	공통적	1
7916	상징	1
7917	공짜로	1
7918	서정적	1
7919	선과	1
7920	상투	1
7921	000	1
7922	상투적	1
7924	서투르	1
7925	서도	1
7926	서너	1
7927	서기	1
7928	생방송	1
7929	공분	1
7930	생신	1
7931	생수	1
7932	샘터	1
7933	생생히	1
7934	공상	1
7935	샙스	1
7936	서구	1
7937	생머리	1
7938	공식	1
7939	공손	1
7940	생각나게	1
7941	생동	1
7942	공상적	1
7943	생영	1
7944	샘솟	1
7945	생일날	1
7947	생캐	1
7948	샤랄	1
7949	샤샤샤	1
7950	샤워	1
7951	샤젤	1
7957	색도	1
7958	색달	1
7959	서관	1
7960	선사하는	1
7961	선생	1
7962	선샤	1
7963	성취감	1
7964	살수	1
7965	세간	1
7966	세가지	1
7967	세가	1
7968	살아	1
7969	살아야겠다	1
7970	살인	1
7971	곡성	1
7972	성찰	1
7973	성지	1
7974	살작지루한것도잇지만	1
7975	살피	1
7976	고향집	1
7977	곡과	1
7978	세계로	1
7979	세계인	1
7980	살만	1
7981	세느강	1
7982	과생이	1
7983	세드	1
7984	고퀄	1
7985	세련되	1
7986	세련미	1
7987	세례	1
7988	살기	1
7989	산타	1
7990	산의	1
7991	산업	1
7992	세바츠찬	1
7993	세번봣지	1
7994	과욕	1
7995	삼바	1
7996	성모	1
7997	선샤인	1
7998	선하지	1
7999	상념	1
8000	상당재밌엇네	1
8001	공황	1
8002	상반	1
8003	상세	1
8004	선한	1
8005	상술	1
8006	성만	1
8007	선택과	1
8008	곰곰이	1
8009	상식	1
8010	상신	1
8011	상실감	1
8012	곰팡이	1
8013	상관	1
8014	골고루	1
8015	설사	1
8016	상감	1
8018	곤욕	1
8019	섭렵	1
8020	섭섭	1
8022	곡인	1
8023	삼키	1
8024	삼일	1
8025	성공도	1
8026	삼요소	1
8027	삼십	1
8028	삼성	1
8029	성냥불	1
8030	뿌리	1
8031	뿌듯	1
8032	브라운관	1
8033	시리즈	1
8034	시스템	1
8035	관람객오슷	1
8036	경콰함	1
8038	시부	1
8039	관람객엄청쟈밌네	1
8040	곁들	1
8041	시위	1
8042	빈틈없이	1
8043	시렵	1
8045	시들어가	1
8046	곁들이	1
8047	시덥잖	1
8048	시원시원	1
8049	시인	1
8050	시크	1
8051	시종일관	1
8052	비지엠	1
8053	관람객재미있엇어	1
8054	시청각	1
8055	시집가	1
8056	비키	1
8057	시즘	1
8058	시제	1
8059	시일	1
8060	비틀기	1
8061	비틀어지	1
8062	시전	1
8063	시장	1
8064	비판	1
8065	경주	1
8066	시대적	1
8067	빌미	1
8068	빌어먹	1
8069	빠삐	1
8070	빛바래	1
8071	승부	1
8072	승리	1
8073	승계	1
8074	계피	1
8075	관람객썻다	1
8076	빠져나오	1
8077	계급	1
8078	관람객셉스	1
8079	습니까	1
8080	습기	1
8081	습관	1
8082	습격	1
8084	관람객씁슬함	1
8086	계통	1
8087	시가	1
8088	계의	1
8089	빛깔	1
8090	계속적	1
8091	관람객앤딩	1
8092	시간쯤	1
8094	빙빙	1
8095	시궁창	1
8096	빙글빙글	1
8097	빗장	1
8098	계란	1
8099	시나리	1
8100	빗기	1
8101	관람객재밋엇습니	1
8102	비웃음	1
8103	수용	1
8104	신형	1
8105	블레이크	1
8106	실로	1
8107	겼습니드	1
8108	블루스	1
8110	관람객좋려	1
8111	신하	1
8113	신파조	1
8114	비가	1
8115	관람객재밌있어	1
8116	신통	1
8117	신체	1
8118	관람객재밌엇어	1
8119	실마리	1
8120	실망하였습미	1
8121	시행착오	1
8122	실존	1
8123	실험	1
8124	실하	1
8125	실패자	1
8126	브란디	1
8127	브래드	1
8128	브레드	1
8129	브로드	1
8130	관람객째쯔음악	1
8131	브로드웨이	1
8132	겹쳐지	1
8133	브루스	1
8134	브스	1
8135	브이	1
8136	실소	1
8137	신입	1
8138	신임	1
8139	비드	1
8140	경배	1
8141	비소	1
8142	비약	1
8143	경륜	1
8144	경박	1
8145	신과	1
8146	비약적	1
8147	경보음	1
8148	비등	1
8149	식스	1
8150	식도	1
8151	비용	1
8152	식단	1
8153	경음악	1
8154	비웃	1
8155	신대	1
8156	신동	1
8157	비빔밥	1
8158	신드롬	1
8159	신들리	1
8160	경력	1
8161	신뢰	1
8162	신문	1
8163	비벼지	1
8164	신발장	1
8165	신부	1
8166	비롯되	1
8167	비례	1
8168	신세대	1
8169	신안	1
8170	신은	1
8171	신의	1
8172	빠져들어가	1
8173	슬피	1
8174	빠져봣네	1
8175	숭어회	1
8176	관람객굳좋아	1
8177	쉼터	1
8178	쉴새없이	1
8179	고마	1
8180	쉡스	1
8181	고마움	1
8182	숫하	1
8184	숫자	1
8185	숨쉬	1
8186	숨가쁘	1
8187	고만고만	1
8188	술집	1
8189	술렁이	1
8190	쉽사리	1
8191	슈즈	1
8192	고고	1
8193	스릴	1
8194	스웨터	1
8195	스완	1
8196	고려	1
8197	뺐기	1
8200	스르륵	1
8201	관람객긋긋긋오랜만	1
8202	스르	1
8203	스로워	1
8205	스랑	1
8206	스노	1
8207	스가	1
8208	고무신	1
8209	순회공연	1
8210	순환	1
8211	수준작	1
8212	뽕짝	1
8213	수침	1
8214	수치	1
8215	수천	1
8216	수채화	1
8217	수지	1
8219	순진	1
8220	뿌공	1
8221	수저	1
8222	수장	1
8223	고속도	1
8224	수익금	1
8225	수원역	1
8226	수퍼	1
8227	수혜	1
8228	수확	1
8229	뽑히	1
8230	고비	1
8231	고보	1
8232	뽑아주	1
8233	순발력	1
8234	뽑아내	1
8235	관람객굳굳굳좋네	1
8236	뽀뽀	1
8237	순시	1
8238	뼈저리	1
8239	순애보	1
8240	뻥튀기	1
8241	순응	1
8242	순종	1
8243	뺏습	1
8244	뺀질이	1
8245	빼요	1
8246	스페셜	1
8247	스포하	1
8248	스포주	1
8249	빡침	1
8250	고급	1
8251	스펙터클	1
8252	스펙타클	1
8254	스트리밍	1
8255	빤하	1
8256	스팅	1
8257	스팀	1
8258	스틱	1
8259	스티	1
8260	스트립	1
8261	스포할것같아	1
8262	스푼	1
8263	스프	1
8264	스피	1
8265	빠팡	1
8266	빠찌	1
8267	고귀	1
8268	슬럼프	1
8269	슬로건	1
8270	빠짋뻔했지	1
8271	고국	1
8272	슬며시	1
8273	관람객셉	1
8274	고구마	1
8275	빠졌들었습니	1
8276	슬펏네	1
8277	슬펏어	1
8278	빤히	1
8279	스트리	1
8280	빼액	1
8281	스킨십	1
8282	스타즈	1
8283	관람객낭맠적인에	1
8284	스타워즈	1
8285	빼기	1
8286	스킵	1
8287	스킬	1
8288	빼먹	1
8289	관람객샤갈	1
8290	스크립트	1
8291	고등	1
8292	빼박	1
8293	빼박이	1
8294	스초리	1
8295	빼애	1
8296	스타트	1
8297	스탄	1
8298	스탕달	1
8299	스태프	1
8300	스탤	1
8301	스탭	1
8302	스테	1
8303	스테디셀러	1
8304	관람객로매느스	1
8305	빨갛	1
8306	스토리라인	1
8307	빨강	1
8308	스토린	1
8309	스토전개	1
8310	빨간색	1
8311	스투피드	1
8312	스튜디오	1
8313	에스티	1
8314	에스프레소	1
8315	에어	1
8316	이우	1
8317	모래	1
8318	가감	1
8319	이이	1
8320	모래성	1
8321	이음새	1
8322	가격	1
8323	이용	1
8324	이전	1
8325	모로	1
8326	이외	1
8327	이왕	1
8328	모루	1
8329	모바일	1
8330	이어폰	1
8331	이재	1
8332	이점	1
8333	이처럼	1
8334	이중적	1
8335	이쪽	1
8336	명쾌	1
8337	이질	1
8338	명함	1
8339	모금	1
8340	모녀	1
8341	이중	1
8342	ㅂ시오	1
8343	모니터	1
8344	모던	1
8345	모독	1
8346	그다음	1
8347	이제껏	1
8348	그늘	1
8349	가구	1
8350	이어	1
8351	가급적	1
8352	가득가득	1
8353	가닥	1
8354	모호	1
8355	목록	1
8356	목마르	1
8357	이마	1
8358	이리저리	1
8359	가득히	1
8360	모순	1
8361	목메이	1
8362	이루워내	1
8363	가라앉	1
8364	이로	1
8365	가락	1
8366	귯굳귯귣귯귯귣귯귣	1
8367	모티브	1
8368	이버	1
8369	모텔	1
8370	모자르트	1
8371	이변	1
8372	가넘	1
8373	가내	1
8374	그까짓	1
8375	이삼십	1
8376	가나다	1
8377	이상은	1
8378	이상인	1
8379	모이	1
8380	이상향	1
8381	이성적	1
8382	모순적	1
8383	이십	1
8384	이쯤	1
8385	그따위	1
8386	일구	1
8387	메타포	1
8388	ㄹ걸	1
8389	인적	1
8390	인인	1
8391	인의	1
8392	메카닉	1
8393	인원	1
8394	인식	1
8395	인지도	1
8396	인스턴트	1
8397	인셉션	1
8398	메탈	1
8399	인생영화됬어	1
8400	멘붕	1
8401	인생영화	1
8402	메이킹	1
8403	인진	1
8404	이토	1
8405	인형	1
8406	일관	1
8407	그레이	1
8408	일걸	1
8409	일거	1
8410	멍들	1
8412	인펙트	1
8413	그렁그렁	1
8414	메꾸	1
8415	인턴	1
8416	인터뷰	1
8417	메라	1
8418	메리트	1
8419	인칭	1
8420	멘트	1
8421	인생길	1
8422	인생관	1
8423	명백	1
8424	인걸	1
8425	멸망	1
8426	그딴	1
8427	명랑	1
8428	익살맞	1
8429	익살	1
8430	명사	1
8431	멜랑	1
8432	이혼	1
8433	이해못할려	1
8434	명암	1
8435	이펙트	1
8436	이틀	1
8437	명일	1
8438	인격	1
8439	면요	1
8440	인공적	1
8441	인과	1
8442	ㄹ락말락	1
8443	인내	1
8444	면역력	1
8445	면서요	1
8446	그래미	1
8447	인력	1
8448	면같	1
8449	그래피	1
8450	그랜드	1
8451	ㄹ라구요	1
8452	멜론	1
8453	그런대로	1
8454	그럴싸하	1
8455	이럴려	1
8456	가려	1
8457	이러하	1
8458	가위질	1
8459	을꼬	1
8460	가운	1
8461	무미건조	1
8462	무방비	1
8463	무법	1
8464	무분별	1
8465	귀염	1
8466	무명	1
8467	은유	1
8468	은빈아	1
8469	은데요	1
8470	가이	1
8471	무빙	1
8472	무색	1
8473	을라고	1
8474	무리수	1
8475	가로등	1
8476	음악가	1
8477	음질	1
8478	가시길	1
8479	음악회	1
8480	무려	1
8481	가심	1
8482	음악극	1
8483	가없	1
8484	을지니	1
8485	음반	1
8486	무례	1
8487	음료수	1
8488	무르익	1
8489	을지언정	1
8490	을지라도	1
8491	귀신	1
8492	가있	1
8493	으으으	1
8494	가주	1
8495	귀결	1
8496	으라는	1
8497	무엇일까	1
8498	무음	1
8499	무작정	1
8500	가족끼이혿	1
8501	가지도	1
8502	으우	1
8503	융합	1
8505	무적	1
8506	권함	1
8507	가지신	1
8508	무취	1
8509	으레	1
8510	귀는즐거웟지	1
8511	으련	1
8512	가져오	1
8513	무심히	1
8514	무심코	1
8515	으르갈	1
8516	으르렁대	1
8517	으르하	1
8518	으리	1
8519	무심	1
8520	가져가	1
8521	가정법	1
8522	귀로	1
8523	으세요	1
8524	귀속	1
8525	무수히	1
8526	가슴앓이	1
8527	음호	1
8528	무능	1
8529	규모	1
8530	이닝	1
8531	이노래	1
8532	이년	1
8533	몰아넣	1
8534	이너	1
8535	규정짓	1
8536	몰입되	1
8537	가문	1
8538	이나마	1
8539	몰입됬어	1
8540	이끼	1
8541	몸동작	1
8542	이끌어가	1
8543	몸부림	1
8544	이다	1
8545	이다음	1
8546	이대로	1
8547	몰아	1
8549	이두근	1
8550	가만있	1
8551	이득	1
8552	몰래	1
8553	몰락	1
8554	몰두	1
8555	몰고가	1
8557	이래저래	1
8558	이랬다	1
8559	이랬더라면	1
8560	이랬어	1
8561	몸부림치	1
8562	가물가물	1
8563	무넘	1
8564	무관	1
8565	의미심장	1
8566	귀천	1
8567	가성	1
8568	귀재	1
8569	의논	1
8570	의구심	1
8571	가셈	1
8572	이고	1
8573	무관심	1
8574	응원가	1
8575	무기	1
8576	무기력	1
8577	귀요	1
8579	의산	1
8580	가분	1
8581	귀한	1
8582	몽환	1
8583	의역	1
8584	몽상가	1
8585	몽상	1
8587	귓속	1
8588	못소리	1
8589	의향	1
8590	못봣어	1
8591	가본적	1
8592	못봣네	1
8593	못미친영화랄까	1
8594	가방	1
8595	이것을	1
8596	일관성	1
8597	일기장	1
8598	구먼	1
8600	tuned	1
8601	말라가	1
8602	tv	1
8603	말라야	1
8604	말랑말랑	1
8606	말문	1
8607	잘만	1
8608	잔향	1
8609	잔했	1
8610	잔해	1
8611	말미	1
8612	말씀	1
8613	말씀드리	1
8614	말대	1
8615	말꼬리	1
8616	잠결	1
8617	잘봤	1
8618	많지낞	1
8619	잘해야	1
8620	잘하고	1
8621	together	1
8622	극악	1
8623	말구	1
8624	말기	1
8625	잘못되	1
8626	잘봣네	1
8627	잘보앗습니	1
8628	잘보냇어	1
8629	잘보	1
8630	잘밧어	1
8631	잘못하	1
8632	up	1
8633	ve	1
8634	잔영	1
8635	극간	1
8636	자칫하면	1
8637	visually	1
8638	자책감	1
8639	자책	1
8640	맛없	1
8641	vod	1
8642	자존	1
8643	잔소리	1
8644	자족	1
8645	망상	1
8646	자장가	1
8647	망설임	1
8648	망정	1
8649	자연광	1
8650	자크	1
8651	자투리	1
8652	자포자기	1
8653	자필	1
8654	자화상	1
8655	via	1
8656	생과	1
8657	작렬	1
8658	맘속	1
8659	작아지	1
8660	맗핳	1
8661	작작	1
8662	작전	1
8664	verygood	1
8665	말해	1
8666	말투	1
8667	잠간	1
8668	극영화	1
8669	ㄴ단다	1
8670	장재	1
8671	재고	1
8672	재개봉하	1
8673	만신	1
8675	극평	1
8676	sweet	1
8677	만일	1
8678	만만	1
8679	장이	1
8680	장엄	1
8681	장애	1
8682	장악	1
8683	장실	1
8684	만족감	1
8685	재끼	1
8686	재내	1
8687	three	1
8688	재미있었오	1
8689	재밋습니	1
8690	재밋다해	1
8691	재밋는거같아	1
8692	재밋게수봣어	1
8693	재밋게봤어	1
8694	재밋게봣어	1
8695	재미있었에	1
8696	summer	1
8697	songs	1
8698	sound	1
8699	start	1
8700	만들기	1
8701	만들아놧다	1
8702	재다	1
8703	장사	1
8704	장비	1
8705	장보	1
8706	잡아가	1
8707	잡한	1
8708	잡탕	1
8709	잡치	1
8710	잡지사	1
8711	잡지	1
8712	잡잇	1
8713	잡드	1
8714	장모	1
8715	잡기	1
8716	잡고	1
8717	theater	1
8718	잠자리	1
8719	많앗어	1
8720	they	1
8721	잡히	1
8722	많드	1
8723	잣대	1
8724	장가	1
8725	장거리	1
8726	장관	1
8727	만화경	1
8728	than	1
8729	장난아녜	1
8730	장녀	1
8731	장되	1
8732	장래	1
8733	take	1
8734	tableA	1
8735	장면과	1
8736	장면은있엇지	1
8737	장면이	1
8738	vpIy	1
8739	자여	1
8740	자야	1
8741	머리통	1
8742	임펙트	1
8743	would	1
8744	임일	1
8745	임도	1
8746	wow	1
8748	일행	1
8749	worth	1
8750	일하	1
8751	머뭇거리	1
8752	일평생	1
8753	머시	1
8754	머처럼	1
8755	일차원	1
8756	임하	1
8758	망친	1
8760	입히	1
8761	맥히	1
8762	입체적	1
8763	입체	1
8764	with	1
8765	입자	1
8766	입안	1
8767	맺었지	1
8768	맷브롯	1
8769	wood	1
8771	맺어	1
8772	world	1
8773	입대	1
8774	일차	1
8775	일찍	1
8776	일쯤	1
8777	일몰	1
8778	먼발치	1
8779	ㄴ다네요	1
8780	먼스	1
8781	그릏	1
8782	멀미	1
8783	멀쩡	1
8784	일말	1
8785	일진	1
8786	일률적	1
8787	그려넸네	1
8788	일로	1
8789	일도	1
8790	그레이드	1
8791	일꺠우	1
8792	먹히	1
8793	일생	1
8794	ㄴ다구요	1
8795	일시	1
8796	ㄴ걸	1
8797	zic	1
8798	일어서	1
8799	일욜	1
8800	일월	1
8801	먹칠	1
8802	일으키기	1
8803	zZzzzzZZzZZZZ	1
8804	먹자	1
8805	일일	1
8806	일장	1
8807	일정	1
8808	youtu	1
8809	windseeker	1
8810	맥이	1
8811	맥빠지	1
8812	매끈	1
8813	waltz	1
8814	자리매김	1
8815	그지없	1
8817	매그	1
8818	자동차	1
8819	자년	1
8820	자구	1
8821	매너리즘	1
8822	자기도	1
8823	wasting	1
8824	자극제	1
8825	매니아	1
8826	watching	1
8827	wait	1
8829	자몽	1
8830	자문	1
8831	맞이	1
8832	자발적	1
8833	자본주	1
8834	자부	1
8835	자비	1
8836	맞물리	1
8837	맞닿	1
8838	맞닥트린	1
8839	자세히	1
8840	맞닥뜨리	1
8841	맞는거같어	1
8842	맞기	1
8843	그쪽	1
8844	자그마	1
8845	그전	1
8846	맥락	1
8847	있댔잖	1
8848	있었옹	1
8849	있었어요스포	1
8850	있었습니닿	1
8851	있었습	1
8852	매표소	1
8853	있딘	1
8854	있닼	1
8855	way	1
8856	있달	1
8857	why	1
8858	있느느	1
8859	있거	1
8860	있간	1
8861	will	1
8862	있엌	1
8863	있움	1
8864	있을려	1
8865	whiplash	1
8866	있응	1
8867	있이	1
8868	매진	1
8869	매정	1
8870	그머그랫어	1
8871	잊혀졋겠지	1
8872	well	1
8874	매안	1
8875	매시	1
8876	매리	1
8877	자거	1
8878	자격증	1
8879	유희	1
8880	유효	1
8881	무하	1
8882	영화봣네	1
8883	구점	1
8884	영화였여	1
8885	영화였숩니	1
8886	영화에	1
8887	영화상	1
8888	발가락	1
8889	영화배우	1
8890	영화컨셉	1
8891	발걸음	1
8892	영화랄까	1
8893	구절	1
8894	영화광	1
8895	영화관가서	1
8896	갑갑	1
8897	받치	1
8898	받앗	1
8899	예기	1
8900	옆길	1
8901	반함	1
8902	반항	1
8903	감칠맛	1
8904	옆집	1
8905	옆자리	1
8906	옆사람	1
8907	옆구리	1
8908	받아봐야겠어	1
8909	감하	1
8910	옅본	1
8911	받아먹	1
8912	옄어가	1
8913	영활	1
8914	영화화하	1
8915	갑돌이	1
8916	발군	1
8917	갑부	1
8918	열차	1
8919	강도	1
8920	염색	1
8921	발자국	1
8922	염미	1
8923	발짝	1
8925	강물	1
8926	발달	1
8927	강압적	1
8928	발치	1
8929	발톱	1
8930	발함	1
8931	강요	1
8932	발휘	1
8933	갔떤	1
8934	였따	1
8935	였슴	1
8936	였습니닫	1
8937	였었	1
8938	였읒	1
8939	발신	1
8940	발성	1
8941	발생	1
8942	값하	1
8943	영상화	1
8944	발로	1
8945	값어치	1
8946	영적	1
8947	영하	1
8948	발라드	1
8949	발동작	1
8950	구체적	1
8951	예능	1
8952	유투브	1
8953	박재	1
8954	오롯	1
8955	박근	1
8956	박동	1
8957	감마	1
8958	박살	1
8959	박살내	1
8960	박판	1
8961	군데군데	1
8962	감미로워	1
8963	감미로웠어	1
8964	오락성	1
8965	오락	1
8966	박하	1
8967	박한	1
8968	감동적이었오	1
8969	오르골	1
8970	감초	1
8971	바른	1
8972	오역	1
8973	군중	1
8974	바랬것	1
8975	오선지	1
8976	오색찬란하	1
8977	오산	1
8978	군바리	1
8979	오른쪽	1
8980	바삐	1
8981	오므리	1
8982	바즈루어만	1
8983	오마쥬재관람	1
8984	바지	1
8985	오리	1
8986	오더	1
8987	오늘밤	1
8988	국정	1
8989	예상되	1
8990	반죽	1
8991	구하	1
8992	예술미	1
8993	구태	1
8994	감정애	1
8995	예상외	1
8996	반쯤	1
8997	반기	1
8998	예쁘장	1
8999	감질	1
9000	반칙	1
9001	예비군	1
9002	예비	1
9003	예매한	1
9004	감자	1
9005	예시	1
9006	예언	1
9007	반점	1
9008	예원	1
9009	감이있엇지	1
9010	반자	1
9011	감싸안	1
9012	감싸	1
9013	감수	1
9014	국가	1
9015	국뜨	1
9016	오거	1
9017	반듯	1
9018	오글	1
9019	반도	1
9020	오금	1
9021	구의	1
9022	열린	1
9023	밝아지	1
9024	개돼지	1
9025	개도	1
9026	구성력	1
9027	백마	1
9028	여어	1
9029	여아	1
9030	여심	1
9031	여섯	1
9032	여의	1
9033	백사	1
9034	백은	1
9035	여백	1
9036	개똥	1
9037	여명	1
9038	백일몽	1
9039	여유	1
9040	여의도	1
9041	열렬히	1
9042	배아	1
9043	구속	1
9044	여타	1
9045	여캐	1
9046	여쭈	1
9047	여진	1
9048	개개	1
9049	개굳	1
9050	배은망덕	1
9051	구성원	1
9052	배우자	1
9053	여전	1
9054	여재	1
9055	여자가	1
9056	배워가	1
9057	개로	1
9058	백조	1
9059	백화점	1
9060	엑소	1
9061	엔터테인먼트	1
9062	엔진	1
9063	개연성이란닼	1
9064	버터	1
9066	엑스	1
9067	에휴	1
9068	뱉어내	1
9069	버페	1
9070	에펠	1
9071	에잇	1
9072	에이지	1
9073	개운	1
9074	구상력	1
9075	버킷	1
9076	개쒵이라	1
9077	개쌉	1
9078	구석	1
9079	엠마톰슨	1
9080	개소리	1
9081	버리면	1
9082	여겨보	1
9083	버렸다	1
9084	여기저기	1
9085	여년	1
9086	버렷	1
9087	여담	1
9088	여대생	1
9089	버드	1
9090	여동생	1
9091	버금	1
9092	배색	1
9093	여하튼	1
9094	같은느임	1
9095	연애시	1
9096	강추위	1
9097	연잇	1
9098	연임	1
9099	연인시절을	1
9100	강충	1
9102	연애담	1
9103	연민	1
9104	강탈	1
9105	연신	1
9106	구웃	1
9107	방두	1
9108	강해	1
9109	연석	1
9110	밥벌이	1
9111	밥맛	1
9112	연주력	1
9113	밤새	1
9114	구은	1
9116	연출자	1
9117	연필	1
9118	밝히	1
9119	밝혀내	1
9120	강의	1
9121	열개	1
9122	열거	1
9123	열고	1
9124	열광	1
9125	열광적	1
9126	열렬	1
9127	방사능	1
9128	갖다대	1
9129	배달	1
9130	같유	1
9131	역효과	1
9132	구식	1
9133	역전	1
9134	방향성	1
9135	역시좋앗습니	1
9136	같었	1
9137	역설적	1
9138	연료	1
9139	역사적	1
9140	구시대	1
9141	역부족	1
9142	역린	1
9143	같은	1
9144	배급사	1
9146	같애	1
9147	구어	1
9148	같았	1
9149	연계	1
9150	방증	1
9151	연관성	1
9152	같앗습니	1
9153	연극과	1
9154	방영	1
9155	같앗	1
9156	같숩	1
9157	연기인	1
9158	연기자	1
9159	연달	1
9160	연대	1
9161	연령	1
9162	바람직	1
9163	감독상	1
9164	군지	1
9167	울엇네	1
9168	울부짓	1
9169	울먹이	1
9171	간단히	1
9172	울렁거리	1
9173	궁극	1
9174	울렁	1
9175	뮤비	1
9176	간밤	1
9177	뮤신	1
9178	운전	1
9179	운율	1
9180	뭘본거지	1
9181	궁금증	1
9182	우걱우걱	1
9183	웃웃	1
9184	워플	1
9185	워낭	1
9186	각자가	1
9187	뭍히	1
9188	웃트	1
9189	뭐그냥구랬오	1
9190	웃식	1
9191	뭐죠	1
9192	각캐	1
9193	웃겻	1
9194	뭐래	1
9195	움트	1
9196	움직임	1
9197	간간이	1
9198	운명적	1
9199	간산	1
9200	굿잡	1
9201	미간	1
9202	간이	1
9203	우비	1
9204	우물	1
9205	우리집	1
9206	굿뜨	1
9207	굿구우웃굿굳입니	1
9208	굽이	1
9209	욱신거리	1
9210	우려	1
9211	우디앨런	1
9212	간정	1
9213	우두	1
9214	우도	1
9215	미남	1
9216	우솝	1
9217	우수	1
9218	믈이	1
9219	믄서	1
9220	우아	1
9222	우연적	1
9223	뮬랑루즈	1
9224	우왕굳미아	1
9225	간은	1
9226	굿스	1
9227	뮤지컬인줄알앗슺니	1
9228	우정	1
9229	간에	1
9230	우진	1
9231	우찌	1
9232	뮤지컬영화	1
9233	각성	1
9234	각선미	1
9235	원랴	1
9236	유기적	1
9237	유독	1
9238	문학적	1
9239	유달리	1
9240	유니	1
9241	유난히	1
9242	문화인	1
9243	권의	1
9244	위플애쉬만큼	1
9245	윞래쉬	1
9246	윙페	1
9248	윕래	1
9249	위협	1
9250	위험	1
9251	유럽	1
9252	유령	1
9253	권장	1
9254	문자	1
9255	문외한	1
9256	문뜩	1
9257	문듯	1
9258	유샤	1
9259	유쓰	1
9260	유유히	1
9261	문득문득	1
9263	유적	1
9264	묵직	1
9265	가차	1
9266	권태기	1
9267	유통	1
9268	권유	1
9269	물가	1
9270	원망	1
9271	월드	1
9272	웨이	1
9273	웨스트	1
9275	물컹거리	1
9276	월척	1
9277	월요일	1
9278	각도	1
9279	위플감독	1
9280	각보	1
9281	뭉게뭉게	1
9282	원조	1
9283	각색	1
9284	뭉치	1
9285	원맨쇼	1
9286	물리	1
9287	웹툰	1
9288	물랑루즈같	1
9289	물들이	1
9290	물결	1
9291	물건	1
9292	가평	1
9293	위루	1
9294	위성	1
9295	가타	1
9296	위엄	1
9297	위원	1
9298	위인	1
9299	물개	1
9300	위지	1
9301	물감	1
9302	위트	1
9303	우구	1
9304	미녀	1
9305	굳개	1
9306	와야겠다	1
9307	미학적	1
9308	미혼	1
9310	와이셔츠	1
9312	와요	1
9313	와르륵	1
9314	미학	1
9315	와르르	1
9316	갈릭	1
9317	옹호	1
9318	옹옹	1
9319	민효린	1
9320	굳정	1
9321	와장창	1
9322	완결	1
9323	간지	1
9324	왈가왈부	1
9325	미쟝센들	1
9326	왔다갔다	1
9327	왓챠만가	1
9328	미적	1
9329	갈고	1
9330	미제	1
9331	미쩌	1
9332	갈라고	1
9333	굴곡	1
9334	갈구	1
9335	완성되	1
9336	미치광이	1
9337	갈라	1
9338	완벽히	1
9339	옵스탈스	1
9340	옵스	1
9341	옵니다	1
9342	오픈	1
9343	옥인	1
9344	옥의	1
9345	옥상킄패신저스좋아	1
9347	바꿔주	1
9348	굳괜찮	1
9349	오타쿠	1
9350	밀도	1
9351	오차	1
9352	감기약	1
9353	굳개굳	1
9354	오재	1
9355	오자	1
9356	오이	1
9357	바깥	1
9358	바글바글	1
9359	굳굳굳굳굳굳	1
9360	밍밍	1
9361	밌었숩	1
9362	밌드	1
9363	올곧	1
9364	갈피	1
9365	갈팡질팡	1
9366	굳굳숟	1
9367	굳궂	1
9368	올려줘야겠다	1
9369	밀어주	1
9370	갈채	1
9371	올바르	1
9372	올해봣는중	1
9373	밀려들	1
9374	미장셴	1
9375	굴뚝	1
9376	왕자	1
9377	요약	1
9378	요타이밍	1
9379	요타	1
9380	요지	1
9381	미리미리	1
9382	요조	1
9383	요위	1
9384	요아	1
9385	굴하	1
9386	간질간질	1
9387	미사	1
9388	요망	1
9389	미세	1
9391	요란	1
9392	요하	1
9393	요화	1
9394	미로	1
9395	굼뜨	1
9396	미래도	1
9398	미란다	1
9400	미란	1
9401	간지르	1
9402	간지럽	1
9403	용동	1
9404	용어	1
9405	용하	1
9406	미동	1
9408	미대	1
9409	요라	1
9410	요기	1
9411	왕조	1
9412	간편	1
9413	외려	1
9414	외길	1
9415	간추	1
9416	외곡	1
9417	미어터지	1
9418	간판	1
9419	간혹	1
9420	요귀	1
9421	왜죠	1
9422	왜냐하면	1
9423	왜냐	1
9424	왜곡	1
9426	왕창	1
9427	미어	1
9428	외로움	1
9429	외로워져	1
9430	외롭	1
9431	미약	1
9432	굴레	1
9433	외무	1
9434	굴리	1
9435	미씽	1
9436	외처	1
9437	미쑤	1
9438	미식가	1
9440	간질이	1
9441	요강	1
9442	요것	1
9443	요결	1
9444	야마	1
